static const unsigned char unifont_ttf[] = {
  0x00, 0x01, 0x00, 0x00, 0x00, 0x0c, 0x00, 0x80, 0x00, 0x03, 0x00, 0x40,
  0x47, 0x44, 0x45, 0x46, 0x00, 0x11, 0x00, 0xcc, 0x00, 0x00, 0x46, 0x30,
  0x00, 0x00, 0x00, 0x16, 0x4f, 0x53, 0x2f, 0x32, 0x56, 0xba, 0x02, 0x67,
  0x00, 0x00, 0x43, 0x08, 0x00, 0x00, 0x00, 0x56, 0x63, 0x6d, 0x61, 0x70,
  0x67, 0x1f, 0x62, 0x23, 0x00, 0x00, 0x43, 0x60, 0x00, 0x00, 0x00, 0x6c,
  0x67, 0x61, 0x73, 0x70, 0xff, 0xff, 0x00, 0x03, 0x00, 0x00, 0x46, 0x28,
  0x00, 0x00, 0x00, 0x08, 0x67, 0x6c, 0x79, 0x66, 0x25, 0xa5, 0x37, 0x44,
  0x00, 0x00, 0x00, 0xcc, 0x00, 0x00, 0x3d, 0xaa, 0x68, 0x65, 0x61, 0x64,
  0x28, 0x65, 0x5e, 0x14, 0x00, 0x00, 0x40, 0x34, 0x00, 0x00, 0x00, 0x36,
  0x68, 0x68, 0x65, 0x61, 0x03, 0xca, 0xff, 0xf0, 0x00, 0x00, 0x42, 0xe4,
  0x00, 0x00, 0x00, 0x24, 0x68, 0x6d, 0x74, 0x78, 0xee, 0x00, 0x32, 0x80,
  0x00, 0x00, 0x40, 0x6c, 0x00, 0x00, 0x02, 0x76, 0x6c, 0x6f, 0x63, 0x61,
  0xf0, 0x38, 0xdf, 0xef, 0x00, 0x00, 0x3e, 0x98, 0x00, 0x00, 0x01, 0x9a,
  0x6d, 0x61, 0x78, 0x70, 0x00, 0xfb, 0x01, 0x01, 0x00, 0x00, 0x3e, 0x78,
  0x00, 0x00, 0x00, 0x20, 0x6e, 0x61, 0x6d, 0x65, 0x30, 0xae, 0x47, 0x53,
  0x00, 0x00, 0x43, 0xcc, 0x00, 0x00, 0x02, 0x3c, 0x70, 0x6f, 0x73, 0x74,
  0xff, 0xb3, 0x00, 0x28, 0x00, 0x00, 0x46, 0x08, 0x00, 0x00, 0x00, 0x20,
  0x00, 0x02, 0x01, 0x00, 0x00, 0x00, 0x01, 0x40, 0x02, 0x80, 0x00, 0x03,
  0x00, 0x07, 0x00, 0x00, 0x25, 0x15, 0x33, 0x35, 0x03, 0x11, 0x33, 0x11,
  0x01, 0x00, 0x40, 0x40, 0x40, 0x80, 0x80, 0x80, 0x02, 0x00, 0xfe, 0x40,
  0x01, 0xc0, 0x00, 0x02, 0x00, 0x80, 0x02, 0x00, 0x01, 0xc0, 0x03, 0x00,
  0x00, 0x03, 0x00, 0x07, 0x00, 0x00, 0x13, 0x11, 0x33, 0x11, 0x33, 0x11,
  0x33, 0x11, 0x80, 0x40, 0xc0, 0x40, 0x03, 0x00, 0xff, 0x00, 0x01, 0x00,
  0xff, 0x00, 0x01, 0x00, 0x00, 0x02, 0x00, 0x40, 0x00, 0x00, 0x01, 0xc0,
  0x02, 0x80, 0x00, 0x17, 0x00, 0x1b, 0x00, 0x00, 0x25, 0x35, 0x23, 0x35,
  0x33, 0x11, 0x23, 0x15, 0x23, 0x35, 0x23, 0x15, 0x23, 0x15, 0x33, 0x15,
  0x23, 0x11, 0x33, 0x35, 0x33, 0x15, 0x33, 0x35, 0x27, 0x35, 0x33, 0x15,
  0x01, 0xc0, 0x40, 0x40, 0x40, 0x80, 0x40, 0x80, 0x40, 0x40, 0x40, 0x80,
  0x40, 0x80, 0x80, 0xc0, 0x40, 0x80, 0x01, 0x00, 0xc0, 0xc0, 0xc0, 0x40,
  0x80, 0xff, 0x00, 0xc0, 0xc0, 0xc0, 0x40, 0x80, 0x80, 0x00, 0x00, 0x04,
  0x00, 0x40, 0x00, 0x00, 0x02, 0x00, 0x02, 0x80, 0x00, 0x03, 0x00, 0x23,
  0x00, 0x27, 0x00, 0x2b, 0x00, 0x00, 0x01, 0x35, 0x23, 0x15, 0x03, 0x33,
  0x35, 0x23, 0x35, 0x33, 0x15, 0x33, 0x35, 0x23, 0x35, 0x23, 0x35, 0x33,
  0x35, 0x23, 0x35, 0x23, 0x15, 0x23, 0x15, 0x23, 0x15, 0x33, 0x15, 0x33,
  0x15, 0x23, 0x15, 0x33, 0x15, 0x33, 0x27, 0x35, 0x23, 0x15, 0x13, 0x35,
  0x33, 0x15, 0x02, 0x00, 0x40, 0x80, 0x80, 0x80, 0x80, 0x40, 0x40, 0x80,
  0x80, 0x80, 0x40, 0x80, 0x40, 0x40, 0x80, 0x80, 0x80, 0x40, 0xc0, 0x40,
  0x40, 0x80, 0x01, 0xc0, 0x40, 0x40, 0xfe, 0x80, 0x40, 0x80, 0x80, 0x80,
  0x40, 0xc0, 0x40, 0x40, 0x40, 0x40, 0x80, 0x40, 0xc0, 0x40, 0x40, 0x80,
  0x40, 0x40, 0x01, 0x00, 0x80, 0x80, 0x00, 0x05, 0x00, 0x40, 0x00, 0x00,
  0x02, 0x00, 0x02, 0x80, 0x00, 0x2b, 0x00, 0x2f, 0x00, 0x33, 0x00, 0x37,
  0x00, 0x3b, 0x00, 0x00, 0x01, 0x35, 0x23, 0x15, 0x23, 0x15, 0x23, 0x15,
  0x23, 0x15, 0x23, 0x15, 0x23, 0x15, 0x23, 0x15, 0x33, 0x35, 0x33, 0x35,
  0x33, 0x15, 0x33, 0x15, 0x33, 0x35, 0x23, 0x35, 0x23, 0x35, 0x33, 0x15,
  0x33, 0x15, 0x33, 0x35, 0x23, 0x35, 0x23, 0x35, 0x33, 0x35, 0x33, 0x35,
  0x07, 0x35, 0x23, 0x15, 0x3d, 0x01, 0x23, 0x15, 0x3b, 0x01, 0x35, 0x2b,
  0x01, 0x33, 0x35, 0x23, 0x02, 0x00, 0x40, 0x40, 0x40, 0x40, 0x40, 0x40,
  0x40, 0x40, 0x40, 0x40, 0x40, 0x80, 0x80, 0x40, 0x40, 0x80, 0x40, 0x40,
  0x80, 0x40, 0x40, 0xc0, 0x80, 0x40, 0xc0, 0x40, 0x40, 0x80, 0x80, 0x80,
  0x02, 0x40, 0x40, 0x40, 0x80, 0x40, 0x80, 0x40, 0x80, 0x40, 0x40, 0x80,
  0x80, 0x40, 0x40, 0x80, 0x40, 0x40, 0x80, 0x80, 0x40, 0x80, 0x40, 0x80,
  0xc0, 0x40, 0x40, 0x40, 0x80, 0x80, 0x80, 0x40, 0x00, 0x0c, 0x00, 0x40,
  0x00, 0x00, 0x02, 0x00, 0x02, 0x80, 0x00, 0x03, 0x00, 0x07, 0x00, 0x0b,
  0x00, 0x11, 0x00, 0x15, 0x00, 0x19, 0x00, 0x1d, 0x00, 0x25, 0x00, 0x29,
  0x00, 0x2d, 0x00, 0x31, 0x00, 0x35, 0x00, 0x00, 0x21, 0x35, 0x23, 0x15,
  0x25, 0x15, 0x33, 0x35, 0x23, 0x35, 0x23, 0x15, 0x21, 0x33, 0x35, 0x23,
  0x15, 0x23, 0x37, 0x35, 0x23, 0x15, 0x3b, 0x01, 0x35, 0x23, 0x05, 0x33,
  0x35, 0x23, 0x17, 0x35, 0x23, 0x35, 0x23, 0x15, 0x33, 0x15, 0x37, 0x33,
  0x35, 0x2b, 0x01, 0x35, 0x23, 0x15, 0x21, 0x33, 0x35, 0x2b, 0x01, 0x33,
  0x35, 0x23, 0x02, 0x00, 0x40, 0xfe, 0xc0, 0xc0, 0xc0, 0x40, 0x01, 0x00,
  0x80, 0x40, 0x40, 0x40, 0x40, 0x80, 0x40, 0x40, 0xfe, 0xc0, 0x40, 0x40,
  0xc0, 0x40, 0x40, 0x40, 0x40, 0x40, 0x40, 0x80, 0x40, 0x01, 0x00, 0x40,
  0x40, 0xc0, 0xc0, 0xc0, 0x40, 0x40, 0x40, 0x40, 0x40, 0xc0, 0xc0, 0x80,
  0x40, 0x40, 0x40, 0x40, 0x80, 0x40, 0x40, 0x40, 0x80, 0x40, 0x80, 0x40,
  0x80, 0x40, 0x80, 0x80, 0x80, 0x40, 0x00, 0x01, 0x01, 0x00, 0x02, 0x00,
  0x01, 0x40, 0x03, 0x00, 0x00, 0x03, 0x00, 0x00, 0x01, 0x11, 0x33, 0x11,
  0x01, 0x00, 0x40, 0x03, 0x00, 0xff, 0x00, 0x01, 0x00, 0x00, 0x00, 0x02,
  0x00, 0xc0, 0xff, 0xc0, 0x01, 0x80, 0x02, 0xc0, 0x00, 0x03, 0x00, 0x13,
  0x00, 0x00, 0x05, 0x35, 0x23, 0x15, 0x13, 0x35, 0x23, 0x15, 0x23, 0x15,
  0x23, 0x11, 0x33, 0x15, 0x33, 0x35, 0x23, 0x11, 0x33, 0x35, 0x01, 0x80,
  0x40, 0x40, 0x40, 0x40, 0x40, 0x40, 0x40, 0x40, 0x40, 0x40, 0x40, 0x40,
  0x02, 0xc0, 0x40, 0x40, 0x80, 0xfe, 0x80, 0x80, 0x80, 0x01, 0x80, 0x80,
  0x00, 0x05, 0x00, 0x80, 0xff, 0xc0, 0x01, 0x40, 0x02, 0xc0, 0x00, 0x03,
  0x00, 0x07, 0x00, 0x0b, 0x00, 0x0f, 0x00, 0x13, 0x00, 0x00, 0x33, 0x23,
  0x15, 0x33, 0x35, 0x33, 0x35, 0x23, 0x3b, 0x01, 0x11, 0x23, 0x31, 0x35,
  0x23, 0x15, 0x3d, 0x01, 0x23, 0x15, 0xc0, 0x40, 0x40, 0x40, 0x40, 0x40,
  0x40, 0x40, 0x40, 0x40, 0x40, 0x40, 0x80, 0x01, 0x80, 0x80, 0x80, 0x80,
  0x40, 0x40, 0x00, 0x04, 0x00, 0x40, 0x00, 0x40, 0x02, 0x00, 0x02, 0x00,
  0x00, 0x03, 0x00, 0x23, 0x00, 0x27, 0x00, 0x2b, 0x00, 0x00, 0x25, 0x35,
  0x23, 0x15, 0x13, 0x35, 0x23, 0x15, 0x23, 0x15, 0x23, 0x35, 0x23, 0x15,
  0x23, 0x15, 0x23, 0x15, 0x23, 0x15, 0x33, 0x35, 0x33, 0x35, 0x33, 0x15,
  0x33, 0x35, 0x33, 0x15, 0x33, 0x35, 0x23, 0x35, 0x33, 0x35, 0x05, 0x35,
  0x23, 0x15, 0x3d, 0x01, 0x23, 0x15, 0x02, 0x00, 0x40, 0x40, 0x40, 0x40,
  0x40, 0x40, 0x40, 0x40, 0x40, 0x40, 0x40, 0x40, 0x40, 0x40, 0x40, 0x40,
  0x40, 0xff, 0x00, 0x40, 0x40, 0x80, 0x40, 0x40, 0x01, 0x00, 0x40, 0x40,
  0x40, 0xc0, 0xc0, 0x40, 0x40, 0x40, 0x40, 0x40, 0xc0, 0xc0, 0x40, 0x40,
  0x40, 0x40, 0x40, 0x40, 0x40, 0x40, 0x40, 0x40, 0x00, 0x01, 0x00, 0x40,
  0x00, 0x40, 0x02, 0x00, 0x02, 0x00, 0x00, 0x0b, 0x00, 0x00, 0x01, 0x35,
  0x23, 0x35, 0x23, 0x15, 0x23, 0x15, 0x33, 0x15, 0x33, 0x35, 0x02, 0x00,
  0xc0, 0x40, 0xc0, 0xc0, 0x40, 0x01, 0x00, 0x40, 0xc0, 0xc0, 0x40, 0xc0,
  0xc0, 0x00, 0x00, 0x02, 0x00, 0xc0, 0xff, 0x80, 0x01, 0x40, 0x00, 0x80,
  0x00, 0x03, 0x00, 0x09, 0x00, 0x00, 0x05, 0x23, 0x15, 0x33, 0x35, 0x33,
  0x35, 0x23, 0x15, 0x33, 0x01, 0x00, 0x40, 0x40, 0x40, 0x80, 0x40, 0x40,
  0x40, 0x40, 0xc0, 0x40, 0x00, 0x01, 0x00, 0x80, 0x01, 0x00, 0x01, 0x80,
  0x01, 0x40, 0x00, 0x03, 0x00, 0x00, 0x01, 0x35, 0x21, 0x15, 0x01, 0x80,
  0xff, 0x00, 0x01, 0x00, 0x40, 0x40, 0x00, 0x01, 0x00, 0xc0, 0x00, 0x00,
  0x01, 0x40, 0x00, 0x80, 0x00, 0x03, 0x00, 0x00, 0x37, 0x15, 0x33, 0x35,
  0xc0, 0x80, 0x80, 0x80, 0x80, 0x00, 0x00, 0x06, 0x00, 0x40, 0x00, 0x00,
  0x01, 0xc0, 0x02, 0x80, 0x00, 0x03, 0x00, 0x07, 0x00, 0x0b, 0x00, 0x0f,
  0x00, 0x13, 0x00, 0x17, 0x00, 0x00, 0x37, 0x15, 0x33, 0x35, 0x31, 0x33,
  0x35, 0x23, 0x3b, 0x01, 0x35, 0x23, 0x3b, 0x01, 0x35, 0x23, 0x3b, 0x01,
  0x35, 0x23, 0x3b, 0x01, 0x35, 0x23, 0x40, 0x40, 0x40, 0x40, 0x40, 0x40,
  0x40, 0x40, 0x40, 0x40, 0x40, 0x40, 0x40, 0x40, 0x40, 0x40, 0x80, 0x80,
  0x80, 0x40, 0x80, 0x80, 0x40, 0x80, 0x00, 0x08, 0x00, 0x40, 0x00, 0x00,
  0x01, 0xc0, 0x02, 0x80, 0x00, 0x03, 0x00, 0x07, 0x00, 0x0b, 0x00, 0x13,
  0x00, 0x23, 0x00, 0x27, 0x00, 0x2b, 0x00, 0x2f, 0x00, 0x00, 0x37, 0x15,
  0x33, 0x35, 0x23, 0x35, 0x23, 0x15, 0x3b, 0x01, 0x35, 0x2b, 0x01, 0x35,
  0x33, 0x35, 0x23, 0x11, 0x23, 0x11, 0x21, 0x33, 0x11, 0x23, 0x15, 0x23,
  0x15, 0x23, 0x15, 0x23, 0x15, 0x33, 0x35, 0x33, 0x35, 0x33, 0x25, 0x33,
  0x35, 0x23, 0x05, 0x35, 0x23, 0x15, 0x27, 0x33, 0x35, 0x23, 0xc0, 0x80,
  0x80, 0x40, 0xc0, 0x40, 0x40, 0xc0, 0x40, 0x40, 0x40, 0x01, 0x40, 0x40,
  0x40, 0x40, 0x40, 0x40, 0x40, 0x40, 0x40, 0xff, 0x00, 0x40, 0x40, 0x01,
  0x00, 0x40, 0x80, 0x80, 0x80, 0x40, 0x40, 0x40, 0x40, 0x40, 0x40, 0x40,
  0x40, 0x01, 0x00, 0xfe, 0x80, 0x01, 0x80, 0x40, 0x40, 0x40, 0x40, 0x40,
  0x40, 0x80, 0x40, 0x40, 0x40, 0x40, 0x40, 0x40, 0x00, 0x01, 0x00, 0x80,
  0x00, 0x00, 0x01, 0xc0, 0x02, 0x80, 0x00, 0x0f, 0x00, 0x00, 0x21, 0x35,
  0x23, 0x11, 0x23, 0x15, 0x23, 0x15, 0x23, 0x15, 0x33, 0x35, 0x33, 0x11,
  0x23, 0x15, 0x01, 0xc0, 0x80, 0x40, 0x40, 0x40, 0x40, 0x40, 0x80, 0x40,
  0x02, 0x40, 0x40, 0x40, 0x40, 0x40, 0xfe, 0x40, 0x40, 0x00, 0x00, 0x07,
  0x00, 0x40, 0x00, 0x00, 0x01, 0xc0, 0x02, 0x80, 0x00, 0x05, 0x00, 0x09,
  0x00, 0x0d, 0x00, 0x11, 0x00, 0x15, 0x00, 0x19, 0x00, 0x1d, 0x00, 0x00,
  0x21, 0x35, 0x21, 0x35, 0x23, 0x15, 0x37, 0x33, 0x35, 0x23, 0x3b, 0x01,
  0x35, 0x23, 0x3b, 0x01, 0x35, 0x23, 0x3b, 0x01, 0x35, 0x23, 0x21, 0x15,
  0x33, 0x35, 0x31, 0x21, 0x35, 0x21, 0x01, 0xc0, 0xfe, 0xc0, 0x40, 0x40,
  0x40, 0x40, 0x40, 0x40, 0x40, 0x40, 0x80, 0x80, 0x80, 0x40, 0x40, 0xfe,
  0xc0, 0x40, 0x01, 0x00, 0xff, 0x00, 0x40, 0x80, 0xc0, 0xc0, 0x40, 0x40,
  0x40, 0xc0, 0x80, 0x80, 0x40, 0x00, 0x00, 0x07, 0x00, 0x40, 0x00, 0x00,
  0x01, 0xc0, 0x02, 0x80, 0x00, 0x03, 0x00, 0x07, 0x00, 0x0b, 0x00, 0x0f,
  0x00, 0x13, 0x00, 0x17, 0x00, 0x1b, 0x00, 0x00, 0x37, 0x15, 0x21, 0x35,
  0x21, 0x35, 0x23, 0x15, 0x21, 0x33, 0x11, 0x23, 0x31, 0x35, 0x23, 0x15,
  0x37, 0x33, 0x35, 0x23, 0x21, 0x15, 0x33, 0x35, 0x31, 0x21, 0x35, 0x21,
  0x80, 0x01, 0x00, 0xff, 0x00, 0x40, 0x01, 0x40, 0x40, 0x40, 0xc0, 0xc0,
  0x40, 0x40, 0xfe, 0xc0, 0x40, 0x01, 0x00, 0xff, 0x00, 0x40, 0x40, 0x40,
  0x80, 0x80, 0x01, 0x00, 0x40, 0x40, 0x40, 0xc0, 0x80, 0x80, 0x40, 0x00,
  0x00, 0x02, 0x00, 0x40, 0x00, 0x00, 0x01, 0xc0, 0x02, 0x80, 0x00, 0x11,
  0x00, 0x19, 0x00, 0x00, 0x25, 0x35, 0x23, 0x11, 0x23, 0x15, 0x23, 0x15,
  0x23, 0x15, 0x23, 0x15, 0x23, 0x15, 0x21, 0x15, 0x33, 0x35, 0x25, 0x35,
  0x33, 0x35, 0x33, 0x35, 0x33, 0x11, 0x01, 0xc0, 0x40, 0x40, 0x40, 0x40,
  0x40, 0x40, 0x01, 0x00, 0x40, 0xff, 0x00, 0x40, 0x40, 0x40, 0xc0, 0x40,
  0x01, 0x80, 0x40, 0x40, 0x40, 0x40, 0xc0, 0xc0, 0xc0, 0x40, 0x80, 0x40,
  0x40, 0xff, 0x00, 0x00, 0x00, 0x02, 0x00, 0x40, 0x00, 0x00, 0x01, 0xc0,
  0x02, 0x80, 0x00, 0x0f, 0x00, 0x13, 0x00, 0x00, 0x01, 0x35, 0x21, 0x11,
  0x21, 0x11, 0x21, 0x15, 0x21, 0x35, 0x33, 0x11, 0x23, 0x35, 0x21, 0x35,
  0x11, 0x35, 0x23, 0x15, 0x01, 0xc0, 0xfe, 0x80, 0x01, 0x40, 0xff, 0x00,
  0x01, 0x00, 0x40, 0x40, 0xff, 0x00, 0x40, 0x02, 0x40, 0x40, 0xfe, 0xc0,
  0xff, 0x00, 0x40, 0x40, 0x01, 0x00, 0x40, 0xc0, 0xfe, 0x00, 0x40, 0x40,
  0x00, 0x01, 0x00, 0x40, 0x00, 0x00, 0x01, 0xc0, 0x02, 0x80, 0x00, 0x17,
  0x00, 0x00, 0x01, 0x35, 0x23, 0x15, 0x23, 0x15, 0x23, 0x11, 0x33, 0x15,
  0x21, 0x35, 0x21, 0x11, 0x21, 0x11, 0x33, 0x11, 0x23, 0x35, 0x21, 0x35,
  0x33, 0x35, 0x01, 0x80, 0xc0, 0x40, 0x40, 0x40, 0x01, 0x00, 0xff, 0x00,
  0x01, 0x00, 0x40, 0x40, 0xff, 0x00, 0x40, 0x02, 0x40, 0x40, 0x40, 0x40,
  0xfe, 0x40, 0x40, 0x40, 0x01, 0x00, 0xff, 0x00, 0x01, 0x00, 0x40, 0x80,
  0x40, 0x00, 0x00, 0x03, 0x00, 0x40, 0x00, 0x00, 0x01, 0xc0, 0x02, 0x80,
  0x00, 0x03, 0x00, 0x07, 0x00, 0x0d, 0x00, 0x00, 0x01, 0x11, 0x33, 0x11,
  0x31, 0x33, 0x35, 0x23, 0x3b, 0x01, 0x35, 0x21, 0x15, 0x21, 0x01, 0x00,
  0x40, 0x40, 0x40, 0x40, 0x40, 0xfe, 0x80, 0x01, 0x40, 0x01, 0x00, 0xff,
  0x00, 0x01, 0x00, 0xc0, 0xc0, 0x40, 0x00, 0x07, 0x00, 0x40, 0x00, 0x00,
  0x01, 0xc0, 0x02, 0x80, 0x00, 0x03, 0x00, 0x07, 0x00, 0x0b, 0x00, 0x0f,
  0x00, 0x13, 0x00, 0x17, 0x00, 0x1b, 0x00, 0x00, 0x37, 0x15, 0x21, 0x35,
  0x21, 0x11, 0x23, 0x11, 0x21, 0x33, 0x11, 0x23, 0x29, 0x01, 0x35, 0x21,
  0x31, 0x35, 0x23, 0x15, 0x21, 0x33, 0x35, 0x23, 0x29, 0x01, 0x35, 0x21,
  0x80, 0x01, 0x00, 0xff, 0x00, 0x40, 0x01, 0x40, 0x40, 0x40, 0xff, 0x00,
  0x01, 0x00, 0xff, 0x00, 0x40, 0x01, 0x40, 0x40, 0x40, 0xff, 0x00, 0x01,
  0x00, 0xff, 0x00, 0x40, 0x40, 0x40, 0x01, 0x00, 0xff, 0x00, 0x01, 0x00,
  0x40, 0xc0, 0xc0, 0xc0, 0x40, 0x00, 0x00, 0x05, 0x00, 0x40, 0x00, 0x00,
  0x01, 0xc0, 0x02, 0x80, 0x00, 0x03, 0x00, 0x07, 0x00, 0x0f, 0x00, 0x13,
  0x00, 0x17, 0x00, 0x00, 0x25, 0x23, 0x15, 0x33, 0x35, 0x33, 0x35, 0x23,
  0x3b, 0x01, 0x11, 0x23, 0x15, 0x21, 0x15, 0x21, 0x25, 0x35, 0x23, 0x15,
  0x37, 0x21, 0x35, 0x21, 0x01, 0x40, 0xc0, 0xc0, 0x40, 0x40, 0x40, 0x40,
  0x40, 0xff, 0x00, 0x01, 0x00, 0xff, 0x00, 0x40, 0x40, 0x01, 0x00, 0xff,
  0x00, 0x40, 0x40, 0x40, 0x40, 0x01, 0xc0, 0xc0, 0x40, 0x40, 0xc0, 0xc0,
  0xc0, 0x40, 0x00, 0x02, 0x00, 0xc0, 0x00, 0x40, 0x01, 0x40, 0x02, 0x00,
  0x00, 0x03, 0x00, 0x07, 0x00, 0x00, 0x37, 0x15, 0x33, 0x35, 0x03, 0x15,
  0x33, 0x35, 0xc0, 0x80, 0x80, 0x80, 0xc0, 0x80, 0x80, 0x01, 0x40, 0x80,
  0x80, 0x00, 0x00, 0x03, 0x00, 0xc0, 0xff, 0xc0, 0x01, 0x40, 0x02, 0x00,
  0x00, 0x03, 0x00, 0x09, 0x00, 0x0d, 0x00, 0x00, 0x21, 0x23, 0x15, 0x33,
  0x35, 0x33, 0x35, 0x23, 0x15, 0x33, 0x03, 0x15, 0x33, 0x35, 0x01, 0x00,
  0x40, 0x40, 0x40, 0x80, 0x40, 0x40, 0x80, 0x40, 0x40, 0xc0, 0x40, 0x01,
  0x80, 0x80, 0x80, 0x00, 0x00, 0x02, 0x00, 0x80, 0x00, 0x00, 0x01, 0xc0,
  0x02, 0x40, 0x00, 0x03, 0x00, 0x23, 0x00, 0x00, 0x21, 0x35, 0x23, 0x15,
  0x13, 0x35, 0x23, 0x15, 0x23, 0x15, 0x23, 0x15, 0x23, 0x15, 0x23, 0x15,
  0x33, 0x15, 0x33, 0x15, 0x33, 0x15, 0x33, 0x35, 0x23, 0x35, 0x23, 0x35,
  0x23, 0x35, 0x33, 0x35, 0x33, 0x35, 0x33, 0x35, 0x01, 0xc0, 0x40, 0x40,
  0x40, 0x40, 0x40, 0x40, 0x40, 0x40, 0x40, 0x40, 0x40, 0x40, 0x40, 0x40,
  0x40, 0x40, 0x40, 0x40, 0x40, 0x02, 0x00, 0x40, 0x40, 0x40, 0x40, 0x40,
  0x40, 0x40, 0x40, 0x40, 0x40, 0x40, 0x40, 0x40, 0x40, 0x40, 0x40, 0x00,
  0x00, 0x02, 0x00, 0x40, 0x00, 0x80, 0x01, 0xc0, 0x01, 0xc0, 0x00, 0x03,
  0x00, 0x07, 0x00, 0x00, 0x25, 0x35, 0x21, 0x15, 0x01, 0x35, 0x21, 0x15,
  0x01, 0xc0, 0xfe, 0x80, 0x01, 0x80, 0xfe, 0x80, 0x80, 0x40, 0x40, 0x01,
  0x00, 0x40, 0x40, 0x00, 0x00, 0x05, 0x00, 0x40, 0x00, 0x00, 0x01, 0x80,
  0x02, 0x40, 0x00, 0x13, 0x00, 0x17, 0x00, 0x1b, 0x00, 0x1f, 0x00, 0x23,
  0x00, 0x00, 0x01, 0x35, 0x23, 0x15, 0x23, 0x15, 0x23, 0x15, 0x23, 0x15,
  0x23, 0x15, 0x33, 0x35, 0x33, 0x35, 0x33, 0x35, 0x33, 0x3d, 0x02, 0x23,
  0x15, 0x3d, 0x01, 0x23, 0x15, 0x3d, 0x01, 0x23, 0x15, 0x3d, 0x01, 0x23,
  0x15, 0x01, 0x80, 0x40, 0x40, 0x40, 0x40, 0x40, 0x40, 0x40, 0x40, 0x40,
  0x40, 0x40, 0x40, 0x40, 0x01, 0x00, 0x40, 0x40, 0x40, 0x40, 0x40, 0x40,
  0x40, 0x40, 0x40, 0x40, 0x40, 0x40, 0x40, 0x40, 0x40, 0x40, 0x40, 0x40,
  0x40, 0x40, 0x40, 0x40, 0x00, 0x06, 0x00, 0x40, 0x00, 0x00, 0x01, 0xc0,
  0x02, 0x80, 0x00, 0x03, 0x00, 0x07, 0x00, 0x0b, 0x00, 0x0f, 0x00, 0x13,
  0x00, 0x17, 0x00, 0x00, 0x25, 0x15, 0x33, 0x35, 0x27, 0x15, 0x33, 0x35,
  0x31, 0x33, 0x35, 0x23, 0x3b, 0x01, 0x35, 0x23, 0x21, 0x15, 0x33, 0x35,
  0x31, 0x21, 0x35, 0x21, 0x01, 0x00, 0x40, 0x40, 0x40, 0x40, 0x40, 0x40,
  0x40, 0x40, 0xfe, 0xc0, 0x40, 0x01, 0x00, 0xff, 0x00, 0x80, 0x80, 0x80,
  0xc0, 0x80, 0x80, 0x40, 0xc0, 0x80, 0x80, 0x40, 0x00, 0x08, 0x00, 0x40,
  0x00, 0x00, 0x01, 0xc0, 0x02, 0x80, 0x00, 0x03, 0x00, 0x07, 0x00, 0x0b,
  0x00, 0x15, 0x00, 0x19, 0x00, 0x1d, 0x00, 0x21, 0x00, 0x25, 0x00, 0x00,
  0x21, 0x35, 0x21, 0x15, 0x3d, 0x01, 0x23, 0x15, 0x35, 0x11, 0x23, 0x11,
  0x37, 0x15, 0x33, 0x11, 0x23, 0x15, 0x23, 0x15, 0x33, 0x15, 0x23, 0x11,
  0x23, 0x11, 0x13, 0x33, 0x35, 0x2b, 0x01, 0x33, 0x35, 0x23, 0x3b, 0x01,
  0x35, 0x23, 0x01, 0xc0, 0xff, 0x00, 0x40, 0x40, 0xc0, 0xc0, 0x40, 0x40,
  0x40, 0x80, 0x40, 0x40, 0x40, 0x40, 0x80, 0x40, 0x40, 0x40, 0xc0, 0xc0,
  0x40, 0x40, 0x40, 0x40, 0x40, 0x40, 0x01, 0x80, 0xfe, 0x80, 0x40, 0x40,
  0x01, 0xc0, 0x80, 0x40, 0xc0, 0x01, 0x00, 0xff, 0x00, 0x01, 0x00, 0x40,
  0x40, 0x40, 0x00, 0x04, 0x00, 0x40, 0x00, 0x00, 0x01, 0xc0, 0x02, 0x80,
  0x00, 0x0b, 0x00, 0x0f, 0x00, 0x13, 0x00, 0x17, 0x00, 0x00, 0x13, 0x11,
  0x33, 0x11, 0x21, 0x11, 0x33, 0x11, 0x23, 0x15, 0x21, 0x35, 0x31, 0x33,
  0x35, 0x23, 0x05, 0x35, 0x23, 0x15, 0x27, 0x33, 0x35, 0x23, 0x40, 0x40,
  0x01, 0x00, 0x40, 0x40, 0xff, 0x00, 0x40, 0x40, 0x01, 0x00, 0x40, 0x80,
  0x80, 0x80, 0x01, 0xc0, 0xfe, 0x40, 0x01, 0x00, 0xff, 0x00, 0x01, 0xc0,
  0x80, 0x80, 0x80, 0x80, 0x80, 0x80, 0x80, 0x40, 0x00, 0x01, 0x00, 0x40,
  0x00, 0x00, 0x01, 0xc0, 0x02, 0x80, 0x00, 0x13, 0x00, 0x00, 0x13, 0x11,
  0x21, 0x35, 0x21, 0x11, 0x21, 0x11, 0x33, 0x11, 0x23, 0x35, 0x21, 0x35,
  0x21, 0x15, 0x33, 0x35, 0x23, 0x35, 0x40, 0x01, 0x40, 0xff, 0x00, 0x01,
  0x00, 0x40, 0x40, 0xff, 0x00, 0x01, 0x00, 0x40, 0x40, 0x02, 0x80, 0xfd,
  0x80, 0x40, 0x01, 0x00, 0xff, 0x00, 0x01, 0x00, 0x40, 0xc0, 0xc0, 0xc0,
  0x40, 0x00, 0x00, 0x05, 0x00, 0x40, 0x00, 0x00, 0x01, 0xc0, 0x02, 0x80,
  0x00, 0x03, 0x00, 0x07, 0x00, 0x0b, 0x00, 0x0f, 0x00, 0x13, 0x00, 0x00,
  0x37, 0x15, 0x21, 0x35, 0x21, 0x11, 0x23, 0x11, 0x21, 0x33, 0x35, 0x23,
  0x11, 0x15, 0x33, 0x35, 0x29, 0x01, 0x35, 0x21, 0x80, 0x01, 0x00, 0xff,
  0x00, 0x40, 0x01, 0x40, 0x40, 0x40, 0x40, 0xfe, 0xc0, 0x01, 0x00, 0xff,
  0x00, 0x40, 0x40, 0x40, 0x02, 0x00, 0xfe, 0x00, 0x80, 0x01, 0x80, 0x80,
  0x80, 0x40, 0x00, 0x01, 0x00, 0x40, 0x00, 0x00, 0x01, 0xc0, 0x02, 0x80,
  0x00, 0x13, 0x00, 0x00, 0x13, 0x11, 0x21, 0x35, 0x23, 0x11, 0x33, 0x15,
  0x33, 0x11, 0x23, 0x15, 0x33, 0x35, 0x33, 0x11, 0x23, 0x35, 0x23, 0x35,
  0x40, 0x01, 0x00, 0xc0, 0xc0, 0x40, 0x40, 0x40, 0x40, 0x40, 0x40, 0x02,
  0x80, 0xfd, 0x80, 0x40, 0x02, 0x00, 0x40, 0xfe, 0x80, 0x40, 0x40, 0x01,
  0x80, 0x40, 0x40, 0x00, 0x00, 0x01, 0x00, 0x40, 0x00, 0x00, 0x01, 0xc0,
  0x02, 0x80, 0x00, 0x0b, 0x00, 0x00, 0x21, 0x35, 0x21, 0x11, 0x21, 0x35,
  0x21, 0x35, 0x21, 0x35, 0x21, 0x11, 0x01, 0xc0, 0xfe, 0xc0, 0x01, 0x00,
  0xff, 0x00, 0x01, 0x40, 0xfe, 0x80, 0x40, 0x01, 0x00, 0x40, 0xc0, 0x40,
  0xfd, 0x80, 0x00, 0x01, 0x00, 0x40, 0x00, 0x00, 0x01, 0xc0, 0x02, 0x80,
  0x00, 0x09, 0x00, 0x00, 0x01, 0x35, 0x21, 0x35, 0x21, 0x35, 0x21, 0x11,
  0x33, 0x11, 0x01, 0x80, 0xff, 0x00, 0x01, 0x40, 0xfe, 0x80, 0x40, 0x01,
  0x40, 0x40, 0xc0, 0x40, 0xfd, 0x80, 0x01, 0x40, 0x00, 0x05, 0x00, 0x40,
  0x00, 0x00, 0x01, 0xc0, 0x02, 0x80, 0x00, 0x03, 0x00, 0x07, 0x00, 0x11,
  0x00, 0x15, 0x00, 0x19, 0x00, 0x00, 0x37, 0x15, 0x33, 0x35, 0x23, 0x11,
  0x23, 0x11, 0x21, 0x15, 0x33, 0x11, 0x23, 0x15, 0x33, 0x15, 0x23, 0x15,
  0x13, 0x15, 0x33, 0x35, 0x29, 0x01, 0x35, 0x21, 0x80, 0xc0, 0xc0, 0x40,
  0x01, 0x40, 0x40, 0xc0, 0x80, 0x40, 0x40, 0x40, 0xfe, 0xc0, 0x01, 0x00,
  0xff, 0x00, 0x40, 0x40, 0x40, 0x02, 0x00, 0xfe, 0x00, 0x40, 0x01, 0x40,
  0x40, 0x80, 0x40, 0x02, 0x00, 0x80, 0x80, 0x40, 0x00, 0x01, 0x00, 0x40,
  0x00, 0x00, 0x01, 0xc0, 0x02, 0x80, 0x00, 0x0b, 0x00, 0x00, 0x13, 0x11,
  0x33, 0x11, 0x21, 0x11, 0x33, 0x11, 0x23, 0x11, 0x21, 0x11, 0x40, 0x40,
  0x01, 0x00, 0x40, 0x40, 0xff, 0x00, 0x02, 0x80, 0xfd, 0x80, 0x01, 0x40,
  0xfe, 0xc0, 0x02, 0x80, 0xff, 0x00, 0x01, 0x00, 0x00, 0x01, 0x00, 0x80,
  0x00, 0x00, 0x01, 0xc0, 0x02, 0x80, 0x00, 0x0b, 0x00, 0x00, 0x21, 0x35,
  0x23, 0x11, 0x33, 0x35, 0x21, 0x15, 0x33, 0x11, 0x23, 0x15, 0x01, 0xc0,
  0x80, 0x80, 0xfe, 0xc0, 0x80, 0x80, 0x40, 0x02, 0x00, 0x40, 0x40, 0xfe,
  0x00, 0x40, 0x00, 0x02, 0x00, 0x40, 0x00, 0x00, 0x02, 0x00, 0x02, 0x80,
  0x00, 0x0b, 0x00, 0x0f, 0x00, 0x00, 0x01, 0x35, 0x21, 0x15, 0x33, 0x11,
  0x23, 0x15, 0x33, 0x35, 0x33, 0x11, 0x01, 0x35, 0x23, 0x15, 0x02, 0x00,
  0xfe, 0xc0, 0x80, 0xc0, 0xc0, 0x40, 0xff, 0x00, 0x40, 0x02, 0x40, 0x40,
  0x40, 0xfe, 0x00, 0x40, 0x40, 0x02, 0x00, 0xfe, 0x00, 0x80, 0x80, 0x00,
  0x00, 0x02, 0x00, 0x40, 0x00, 0x00, 0x01, 0xc0, 0x02, 0x80, 0x00, 0x03,
  0x00, 0x27, 0x00, 0x00, 0x21, 0x35, 0x23, 0x15, 0x13, 0x35, 0x23, 0x15,
  0x23, 0x15, 0x23, 0x15, 0x23, 0x15, 0x23, 0x11, 0x23, 0x11, 0x33, 0x11,
  0x33, 0x15, 0x33, 0x15, 0x33, 0x15, 0x33, 0x35, 0x23, 0x35, 0x23, 0x35,
  0x23, 0x35, 0x33, 0x35, 0x33, 0x35, 0x33, 0x35, 0x01, 0xc0, 0x40, 0x40,
  0x40, 0x40, 0x40, 0x40, 0x40, 0x40, 0x40, 0x40, 0x40, 0x40, 0x40, 0x40,
  0x40, 0x40, 0x40, 0x40, 0x40, 0x40, 0x40, 0x02, 0x40, 0x40, 0x40, 0x40,
  0x40, 0x40, 0x01, 0x00, 0xfd, 0x80, 0x01, 0x00, 0x40, 0x40, 0x40, 0x40,
  0x40, 0x40, 0x80, 0x40, 0x40, 0x40, 0x00, 0x01, 0x00, 0x40, 0x00, 0x00,
  0x01, 0xc0, 0x02, 0x80, 0x00, 0x05, 0x00, 0x00, 0x21, 0x35, 0x21, 0x11,
  0x23, 0x11, 0x01, 0xc0, 0xfe, 0xc0, 0x40, 0x40, 0x02, 0x40, 0xfd, 0x80,
  0x00, 0x02, 0x00, 0x40, 0x00, 0x00, 0x01, 0xc0, 0x02, 0x80, 0x00, 0x0b,
  0x00, 0x13, 0x00, 0x00, 0x13, 0x11, 0x33, 0x11, 0x33, 0x15, 0x33, 0x35,
  0x23, 0x35, 0x23, 0x35, 0x01, 0x11, 0x33, 0x11, 0x23, 0x15, 0x23, 0x15,
  0x40, 0x40, 0x40, 0x80, 0x80, 0x40, 0x01, 0x00, 0x40, 0x40, 0x40, 0x02,
  0x80, 0xfd, 0x80, 0x01, 0x80, 0x80, 0x80, 0x80, 0x80, 0xff, 0x00, 0xfe,
  0x80, 0x02, 0x80, 0x80, 0x80, 0x00, 0x00, 0x01, 0x00, 0x40, 0x00, 0x00,
  0x01, 0xc0, 0x02, 0x80, 0x00, 0x17, 0x00, 0x00, 0x13, 0x11, 0x33, 0x11,
  0x33, 0x15, 0x33, 0x15, 0x33, 0x15, 0x33, 0x15, 0x33, 0x11, 0x23, 0x11,
  0x23, 0x35, 0x23, 0x35, 0x23, 0x35, 0x23, 0x35, 0x40, 0x40, 0x40, 0x40,
  0x40, 0x40, 0x40, 0x40, 0x40, 0x40, 0x40, 0x40, 0x02, 0x80, 0xfd, 0x80,
  0x01, 0xc0, 0x80, 0x80, 0x80, 0x40, 0x02, 0x80, 0xfe, 0x40, 0x80, 0x80,
  0x80, 0x40, 0x00, 0x04, 0x00, 0x40, 0x00, 0x00, 0x01, 0xc0, 0x02, 0x80,
  0x00, 0x03, 0x00, 0x07, 0x00, 0x0b, 0x00, 0x0f, 0x00, 0x00, 0x37, 0x15,
  0x21, 0x35, 0x21, 0x11, 0x23, 0x11, 0x21, 0x33, 0x11, 0x23, 0x29, 0x01,
  0x35, 0x21, 0x80, 0x01, 0x00, 0xff, 0x00, 0x40, 0x01, 0x40, 0x40, 0x40,
  0xff, 0x00, 0x01, 0x00, 0xff, 0x00, 0x40, 0x40, 0x40, 0x02, 0x00, 0xfe,
  0x00, 0x02, 0x00, 0x40, 0x00, 0x01, 0x00, 0x40, 0x00, 0x00, 0x01, 0xc0,
  0x02, 0x80, 0x00, 0x0d, 0x00, 0x00, 0x13, 0x11, 0x33, 0x11, 0x21, 0x35,
  0x21, 0x35, 0x21, 0x15, 0x33, 0x35, 0x23, 0x35, 0x40, 0x40, 0x01, 0x00,
  0xff, 0x00, 0x01, 0x00, 0x40, 0x40, 0x02, 0x80, 0xfd, 0x80, 0x01, 0x40,
  0x40, 0xc0, 0xc0, 0xc0, 0x40, 0x00, 0x00, 0x04, 0x00, 0x40, 0xff, 0xc0,
  0x02, 0x00, 0x02, 0x80, 0x00, 0x03, 0x00, 0x13, 0x00, 0x17, 0x00, 0x1b,
  0x00, 0x00, 0x05, 0x35, 0x23, 0x15, 0x3d, 0x01, 0x33, 0x11, 0x23, 0x11,
  0x23, 0x15, 0x23, 0x35, 0x23, 0x11, 0x23, 0x11, 0x33, 0x15, 0x37, 0x33,
  0x35, 0x23, 0x03, 0x21, 0x35, 0x21, 0x02, 0x00, 0x80, 0x40, 0x40, 0x40,
  0x80, 0x40, 0x40, 0x40, 0x40, 0x80, 0x80, 0x40, 0x01, 0x00, 0xff, 0x00,
  0x40, 0x40, 0x40, 0x40, 0x40, 0x02, 0x00, 0xfe, 0x40, 0x40, 0x40, 0x01,
  0xc0, 0xfe, 0x00, 0x40, 0x80, 0x40, 0x01, 0x80, 0x40, 0x00, 0x00, 0x01,
  0x00, 0x40, 0x00, 0x00, 0x01, 0xc0, 0x02, 0x80, 0x00, 0x19, 0x00, 0x00,
  0x13, 0x11, 0x33, 0x11, 0x33, 0x15, 0x33, 0x15, 0x33, 0x15, 0x33, 0x35,
  0x23, 0x35, 0x23, 0x35, 0x33, 0x35, 0x21, 0x35, 0x21, 0x15, 0x33, 0x35,
  0x23, 0x35, 0x40, 0x40, 0x80, 0x40, 0x40, 0x40, 0x40, 0x40, 0x40, 0xff,
  0x00, 0x01, 0x00, 0x40, 0x40, 0x02, 0x80, 0xfd, 0x80, 0x01, 0x40, 0x40,
  0x80, 0x80, 0x80, 0x80, 0x40, 0x40, 0xc0, 0xc0, 0xc0, 0x40, 0x00, 0x08,
  0x00, 0x40, 0x00, 0x00, 0x01, 0xc0, 0x02, 0x80, 0x00, 0x03, 0x00, 0x07,
  0x00, 0x0b, 0x00, 0x0f, 0x00, 0x13, 0x00, 0x17, 0x00, 0x1b, 0x00, 0x1f,
  0x00, 0x00, 0x37, 0x15, 0x21, 0x35, 0x21, 0x35, 0x23, 0x15, 0x21, 0x33,
  0x35, 0x23, 0x31, 0x35, 0x23, 0x15, 0x3d, 0x01, 0x23, 0x15, 0x3d, 0x01,
  0x23, 0x15, 0x25, 0x15, 0x33, 0x35, 0x29, 0x01, 0x35, 0x21, 0x80, 0x01,
  0x00, 0xff, 0x00, 0x40, 0x01, 0x40, 0x40, 0x40, 0x80, 0x80, 0x40, 0x01,
  0x40, 0x40, 0xfe, 0xc0, 0x01, 0x00, 0xff, 0x00, 0x40, 0x40, 0x40, 0x80,
  0x80, 0xc0, 0x40, 0x40, 0x40, 0x40, 0x40, 0x40, 0xc0, 0xc0, 0xc0, 0x80,
  0x80, 0x40, 0x00, 0x01, 0x00, 0x40, 0x00, 0x00, 0x02, 0x00, 0x02, 0x80,
  0x00, 0x07, 0x00, 0x00, 0x01, 0x35, 0x21, 0x15, 0x33, 0x11, 0x33, 0x11,
  0x02, 0x00, 0xfe, 0x40, 0xc0, 0x40, 0x02, 0x40, 0x40, 0x40, 0xfd, 0xc0,
  0x02, 0x40, 0x00, 0x03, 0x00, 0x40, 0x00, 0x00, 0x01, 0xc0, 0x02, 0x80,
  0x00, 0x03, 0x00, 0x07, 0x00, 0x0b, 0x00, 0x00, 0x37, 0x15, 0x21, 0x35,
  0x21, 0x11, 0x23, 0x11, 0x21, 0x33, 0x11, 0x23, 0x80, 0x01, 0x00, 0xff,
  0x00, 0x40, 0x01, 0x40, 0x40, 0x40, 0x40, 0x40, 0x40, 0x02, 0x40, 0xfd,
  0xc0, 0x02, 0x40, 0x00, 0x00, 0x07, 0x00, 0x40, 0x00, 0x00, 0x02, 0x00,
  0x02, 0x80, 0x00, 0x03, 0x00, 0x07, 0x00, 0x0b, 0x00, 0x0f, 0x00, 0x13,
  0x00, 0x17, 0x00, 0x1b, 0x00, 0x00, 0x25, 0x15, 0x33, 0x35, 0x23, 0x35,
  0x23, 0x15, 0x3b, 0x01, 0x35, 0x2b, 0x01, 0x35, 0x23, 0x15, 0x21, 0x33,
  0x35, 0x23, 0x21, 0x35, 0x23, 0x15, 0x21, 0x33, 0x35, 0x23, 0x01, 0x00,
  0x40, 0x40, 0x40, 0x80, 0x40, 0x40, 0x80, 0x40, 0x01, 0x00, 0x40, 0x40,
  0xff, 0x00, 0x40, 0x01, 0x80, 0x40, 0x40, 0x80, 0x80, 0x80, 0x80, 0x80,
  0x80, 0xc0, 0xc0, 0xc0, 0xc0, 0xc0, 0xc0, 0x00, 0x00, 0x03, 0x00, 0x40,
  0x00, 0x00, 0x01, 0xc0, 0x02, 0x80, 0x00, 0x07, 0x00, 0x0f, 0x00, 0x13,
  0x00, 0x00, 0x13, 0x11, 0x33, 0x35, 0x33, 0x35, 0x23, 0x11, 0x01, 0x15,
  0x33, 0x11, 0x23, 0x11, 0x23, 0x15, 0x27, 0x33, 0x35, 0x23, 0x40, 0x40,
  0x40, 0x40, 0x01, 0x00, 0x40, 0x40, 0x40, 0x80, 0x80, 0x80, 0x02, 0x80,
  0xfd, 0x80, 0x80, 0x80, 0x01, 0x80, 0xfe, 0x00, 0x80, 0x02, 0x80, 0xfe,
  0x80, 0x80, 0x80, 0x80, 0x00, 0x09, 0x00, 0x40, 0x00, 0x00, 0x01, 0xc0,
  0x02, 0x80, 0x00, 0x03, 0x00, 0x07, 0x00, 0x0b, 0x00, 0x0f, 0x00, 0x13,
  0x00, 0x17, 0x00, 0x1b, 0x00, 0x1f, 0x00, 0x23, 0x00, 0x00, 0x37, 0x15,
  0x33, 0x35, 0x21, 0x15, 0x33, 0x35, 0x21, 0x33, 0x35, 0x23, 0x05, 0x35,
  0x23, 0x15, 0x27, 0x33, 0x35, 0x23, 0x31, 0x35, 0x23, 0x15, 0x3b, 0x01,
  0x35, 0x2b, 0x01, 0x35, 0x23, 0x15, 0x21, 0x33, 0x35, 0x23, 0x40, 0x40,
  0x01, 0x00, 0x40, 0xfe, 0xc0, 0x40, 0x40, 0x01, 0x00, 0x40, 0x80, 0x80,
  0x80, 0x40, 0xc0, 0x40, 0x40, 0xc0, 0x40, 0x01, 0x40, 0x40, 0x40, 0x80,
  0x80, 0x80, 0x80, 0x80, 0x80, 0x80, 0x80, 0x80, 0x80, 0x80, 0x80, 0x80,
  0x80, 0x80, 0x80, 0x80, 0x00, 0x07, 0x00, 0x40, 0x00, 0x00, 0x02, 0x00,
  0x02, 0x80, 0x00, 0x03, 0x00, 0x07, 0x00, 0x0b, 0x00, 0x0f, 0x00, 0x13,
  0x00, 0x17, 0x00, 0x1b, 0x00, 0x00, 0x01, 0x11, 0x33, 0x11, 0x23, 0x35,
  0x23, 0x15, 0x3b, 0x01, 0x35, 0x2b, 0x01, 0x35, 0x23, 0x15, 0x21, 0x33,
  0x35, 0x23, 0x21, 0x35, 0x23, 0x15, 0x21, 0x33, 0x35, 0x23, 0x01, 0x00,
  0x40, 0x40, 0x40, 0x80, 0x40, 0x40, 0x80, 0x40, 0x01, 0x00, 0x40, 0x40,
  0xff, 0x00, 0x40, 0x01, 0x80, 0x40, 0x40, 0x01, 0x40, 0xfe, 0xc0, 0x01,
  0x40, 0x40, 0x40, 0x40, 0x80, 0x80, 0x80, 0x80, 0x80, 0x80, 0x00, 0x06,
  0x00, 0x40, 0x00, 0x00, 0x01, 0xc0, 0x02, 0x80, 0x00, 0x05, 0x00, 0x09,
  0x00, 0x0d, 0x00, 0x11, 0x00, 0x15, 0x00, 0x1b, 0x00, 0x00, 0x21, 0x35,
  0x21, 0x35, 0x23, 0x15, 0x37, 0x33, 0x35, 0x23, 0x3b, 0x01, 0x35, 0x23,
  0x3b, 0x01, 0x35, 0x23, 0x3b, 0x01, 0x35, 0x23, 0x3b, 0x01, 0x35, 0x21,
  0x15, 0x21, 0x01, 0xc0, 0xfe, 0xc0, 0x40, 0x40, 0x40, 0x40, 0x40, 0x40,
  0x40, 0x40, 0x40, 0x40, 0x40, 0x40, 0x40, 0x40, 0x40, 0xfe, 0x80, 0x01,
  0x40, 0x40, 0x80, 0xc0, 0xc0, 0x40, 0x40, 0x40, 0x40, 0xc0, 0x40, 0x00,
  0x00, 0x01, 0x01, 0x00, 0xff, 0xc0, 0x01, 0xc0, 0x02, 0xc0, 0x00, 0x07,
  0x00, 0x00, 0x05, 0x35, 0x23, 0x11, 0x33, 0x35, 0x23, 0x11, 0x01, 0xc0,
  0x80, 0x80, 0xc0, 0x40, 0x40, 0x02, 0x80, 0x40, 0xfd, 0x00, 0x00, 0x06,
  0x00, 0x40, 0x00, 0x00, 0x01, 0xc0, 0x02, 0x80, 0x00, 0x03, 0x00, 0x07,
  0x00, 0x0b, 0x00, 0x0f, 0x00, 0x13, 0x00, 0x17, 0x00, 0x00, 0x25, 0x15,
  0x33, 0x35, 0x23, 0x35, 0x23, 0x15, 0x3d, 0x01, 0x23, 0x15, 0x3d, 0x01,
  0x23, 0x15, 0x3d, 0x01, 0x23, 0x15, 0x3d, 0x01, 0x23, 0x15, 0x01, 0x80,
  0x40, 0x40, 0x40, 0x40, 0x40, 0x40, 0x40, 0x80, 0x80, 0x80, 0x40, 0x40,
  0x40, 0x80, 0x80, 0x80, 0x80, 0x80, 0x80, 0x40, 0x40, 0x40, 0x80, 0x80,
  0x00, 0x01, 0x00, 0x40, 0xff, 0xc0, 0x01, 0x00, 0x02, 0xc0, 0x00, 0x07,
  0x00, 0x00, 0x33, 0x23, 0x15, 0x33, 0x11, 0x23, 0x15, 0x33, 0xc0, 0x80,
  0xc0, 0xc0, 0x80, 0x40, 0x03, 0x00, 0x40, 0x00, 0x00, 0x05, 0x00, 0x40,
  0x02, 0x40, 0x01, 0xc0, 0x03, 0x00, 0x00, 0x03, 0x00, 0x07, 0x00, 0x0b,
  0x00, 0x0f, 0x00, 0x13, 0x00, 0x00, 0x01, 0x35, 0x23, 0x15, 0x25, 0x23,
  0x15, 0x33, 0x35, 0x33, 0x35, 0x23, 0x05, 0x35, 0x23, 0x15, 0x27, 0x33,
  0x35, 0x23, 0x01, 0xc0, 0x40, 0xff, 0x00, 0x40, 0x40, 0x40, 0x40, 0x01,
  0x00, 0x40, 0x80, 0x80, 0x80, 0x02, 0x40, 0x40, 0x40, 0x40, 0x40, 0x40,
  0x40, 0x40, 0x40, 0x40, 0x40, 0x40, 0x00, 0x01, 0x00, 0x40, 0xff, 0xc0,
  0x02, 0x00, 0x00, 0x00, 0x00, 0x03, 0x00, 0x00, 0x05, 0x35, 0x21, 0x15,
  0x02, 0x00, 0xfe, 0x40, 0x40, 0x40, 0x40, 0x00, 0x00, 0x03, 0x00, 0x80,
  0x02, 0x80, 0x01, 0x40, 0x03, 0x40, 0x00, 0x03, 0x00, 0x07, 0x00, 0x0b,
  0x00, 0x00, 0x01, 0x35, 0x23, 0x15, 0x3d, 0x01, 0x23, 0x15, 0x3d, 0x01,
  0x23, 0x15, 0x01, 0x40, 0x40, 0x40, 0x40, 0x02, 0x80, 0x40, 0x40, 0x40,
  0x40, 0x40, 0x40, 0x40, 0x40, 0x00, 0x00, 0x05, 0x00, 0x40, 0x00, 0x00,
  0x01, 0xc0, 0x02, 0x00, 0x00, 0x03, 0x00, 0x07, 0x00, 0x13, 0x00, 0x17,
  0x00, 0x1b, 0x00, 0x00, 0x37, 0x15, 0x33, 0x35, 0x23, 0x35, 0x23, 0x15,
  0x21, 0x15, 0x33, 0x11, 0x23, 0x15, 0x21, 0x15, 0x21, 0x15, 0x23, 0x15,
  0x03, 0x23, 0x15, 0x33, 0x35, 0x21, 0x35, 0x21, 0x80, 0xc0, 0xc0, 0x40,
  0x01, 0x40, 0x40, 0x40, 0xff, 0x00, 0x01, 0x00, 0x40, 0xc0, 0x40, 0x40,
  0x01, 0x00, 0xff, 0x00, 0x40, 0x40, 0x40, 0xc0, 0xc0, 0x40, 0x01, 0xc0,
  0x80, 0x40, 0x80, 0x40, 0x01, 0x80, 0x40, 0x40, 0x40, 0x00, 0x00, 0x03,
  0x00, 0x40, 0x00, 0x00, 0x01, 0xc0, 0x02, 0xc0, 0x00, 0x0f, 0x00, 0x13,
  0x00, 0x17, 0x00, 0x00, 0x37, 0x33, 0x15, 0x33, 0x35, 0x23, 0x35, 0x23,
  0x11, 0x33, 0x35, 0x23, 0x11, 0x23, 0x11, 0x33, 0x25, 0x33, 0x11, 0x2b,
  0x01, 0x33, 0x35, 0x23, 0x80, 0x40, 0xc0, 0xc0, 0x40, 0x40, 0x40, 0x40,
  0x40, 0x01, 0x00, 0x40, 0x40, 0xc0, 0xc0, 0xc0, 0x40, 0x40, 0x40, 0x40,
  0x01, 0x00, 0x40, 0x01, 0x00, 0xfd, 0x40, 0x40, 0x01, 0x80, 0x40, 0x00,
  0x00, 0x04, 0x00, 0x40, 0x00, 0x00, 0x01, 0xc0, 0x02, 0x00, 0x00, 0x07,
  0x00, 0x0b, 0x00, 0x0f, 0x00, 0x13, 0x00, 0x00, 0x25, 0x35, 0x23, 0x15,
  0x21, 0x15, 0x21, 0x35, 0x13, 0x35, 0x23, 0x15, 0x01, 0x11, 0x23, 0x11,
  0x13, 0x21, 0x35, 0x21, 0x01, 0xc0, 0x40, 0xff, 0x00, 0x01, 0x00, 0x40,
  0x40, 0xff, 0x00, 0x40, 0x40, 0x01, 0x00, 0xff, 0x00, 0x40, 0x40, 0x40,
  0x40, 0x40, 0x01, 0x40, 0x40, 0x40, 0xfe, 0xc0, 0x01, 0x80, 0xfe, 0x80,
  0x01, 0x80, 0x40, 0x00, 0x00, 0x04, 0x00, 0x40, 0x00, 0x00, 0x01, 0xc0,
  0x02, 0xc0, 0x00, 0x03, 0x00, 0x07, 0x00, 0x13, 0x00, 0x17, 0x00, 0x00,
  0x37, 0x15, 0x33, 0x35, 0x23, 0x11, 0x23, 0x11, 0x21, 0x15, 0x33, 0x11,
  0x23, 0x11, 0x23, 0x15, 0x33, 0x11, 0x23, 0x15, 0x03, 0x33, 0x35, 0x23,
  0x80, 0xc0, 0xc0, 0x40, 0x01, 0x40, 0x40, 0x40, 0x40, 0x40, 0x40, 0xc0,
  0xc0, 0xc0, 0x40, 0x40, 0x40, 0x01, 0x80, 0xfe, 0x80, 0x40, 0x02, 0xc0,
  0xff, 0x00, 0x40, 0xff, 0x00, 0x40, 0x01, 0x80, 0x40, 0x00, 0x00, 0x03,
  0x00, 0x40, 0x00, 0x00, 0x01, 0xc0, 0x02, 0x00, 0x00, 0x07, 0x00, 0x11,
  0x00, 0x15, 0x00, 0x00, 0x25, 0x35, 0x23, 0x15, 0x21, 0x15, 0x21, 0x35,
  0x21, 0x35, 0x21, 0x35, 0x23, 0x15, 0x21, 0x35, 0x23, 0x11, 0x13, 0x21,
  0x35, 0x21, 0x01, 0xc0, 0x40, 0xff, 0x00, 0x01, 0x00, 0xff, 0x00, 0x01,
  0x40, 0x40, 0xff, 0x00, 0x40, 0x40, 0x01, 0x00, 0xff, 0x00, 0x40, 0x40,
  0x40, 0x40, 0x40, 0xc0, 0xc0, 0x80, 0x80, 0xfe, 0x80, 0x01, 0x80, 0x40,
  0x00, 0x02, 0x00, 0x40, 0x00, 0x00, 0x01, 0x80, 0x02, 0xc0, 0x00, 0x0b,
  0x00, 0x0f, 0x00, 0x00, 0x01, 0x35, 0x23, 0x35, 0x23, 0x15, 0x23, 0x15,
  0x33, 0x11, 0x33, 0x11, 0x13, 0x35, 0x23, 0x15, 0x01, 0x80, 0x80, 0x40,
  0x80, 0x80, 0x40, 0x80, 0x80, 0x01, 0x80, 0x40, 0xc0, 0xc0, 0x40, 0xfe,
  0x80, 0x01, 0x80, 0x01, 0x00, 0x40, 0x40, 0x00, 0x00, 0x08, 0x00, 0x40,
  0xff, 0x80, 0x01, 0xc0, 0x02, 0x40, 0x00, 0x03, 0x00, 0x07, 0x00, 0x0b,
  0x00, 0x13, 0x00, 0x17, 0x00, 0x1b, 0x00, 0x1f, 0x00, 0x23, 0x00, 0x00,
  0x17, 0x15, 0x21, 0x35, 0x21, 0x35, 0x23, 0x15, 0x21, 0x33, 0x35, 0x23,
  0x29, 0x01, 0x35, 0x23, 0x35, 0x33, 0x35, 0x23, 0x31, 0x35, 0x23, 0x15,
  0x21, 0x33, 0x35, 0x2b, 0x01, 0x33, 0x35, 0x23, 0x05, 0x33, 0x35, 0x23,
  0x80, 0x01, 0x00, 0xff, 0x00, 0x40, 0x01, 0x40, 0x40, 0x40, 0xff, 0x00,
  0x01, 0x00, 0xc0, 0x80, 0xc0, 0x40, 0x01, 0x00, 0x40, 0x40, 0xc0, 0xc0,
  0xc0, 0x01, 0x00, 0x40, 0x40, 0x40, 0x40, 0x40, 0x80, 0x80, 0x80, 0x40,
  0x40, 0x40, 0xc0, 0xc0, 0xc0, 0x40, 0x40, 0x80, 0x00, 0x03, 0x00, 0x40,
  0x00, 0x00, 0x01, 0xc0, 0x02, 0xc0, 0x00, 0x07, 0x00, 0x0b, 0x00, 0x0f,
  0x00, 0x00, 0x13, 0x11, 0x33, 0x11, 0x33, 0x35, 0x23, 0x11, 0x01, 0x11,
  0x33, 0x11, 0x21, 0x33, 0x35, 0x23, 0x40, 0x40, 0x40, 0x40, 0x01, 0x00,
  0x40, 0xff, 0x00, 0xc0, 0xc0, 0x02, 0xc0, 0xfd, 0x40, 0x01, 0x80, 0x40,
  0x01, 0x00, 0xff, 0x00, 0xfe, 0x40, 0x01, 0xc0, 0x40, 0x00, 0x00, 0x02,
  0x00, 0x80, 0x00, 0x00, 0x01, 0xc0, 0x02, 0xc0, 0x00, 0x09, 0x00, 0x0d,
  0x00, 0x00, 0x21, 0x35, 0x23, 0x11, 0x23, 0x15, 0x33, 0x11, 0x23, 0x15,
  0x13, 0x15, 0x33, 0x35, 0x01, 0xc0, 0x80, 0x80, 0x40, 0x80, 0x80, 0x40,
  0x40, 0x01, 0xc0, 0x40, 0xfe, 0x80, 0x40, 0x02, 0xc0, 0x80, 0x80, 0x00,
  0x00, 0x05, 0x00, 0x40, 0xff, 0x80, 0x01, 0x80, 0x02, 0xc0, 0x00, 0x03,
  0x00, 0x07, 0x00, 0x0b, 0x00, 0x11, 0x00, 0x15, 0x00, 0x00, 0x17, 0x15,
  0x33, 0x35, 0x23, 0x35, 0x23, 0x15, 0x3b, 0x01, 0x35, 0x23, 0x3b, 0x01,
  0x11, 0x23, 0x15, 0x33, 0x11, 0x15, 0x33, 0x35, 0x80, 0x80, 0x80, 0x40,
  0xc0, 0x40, 0x40, 0x40, 0x40, 0x80, 0x40, 0x40, 0x40, 0x40, 0x40, 0x40,
  0x40, 0x40, 0x02, 0x00, 0x40, 0x01, 0x00, 0x80, 0x80, 0x00, 0x00, 0x02,
  0x00, 0x40, 0x00, 0x00, 0x01, 0xc0, 0x02, 0xc0, 0x00, 0x03, 0x00, 0x23,
  0x00, 0x00, 0x21, 0x35, 0x23, 0x15, 0x11, 0x35, 0x23, 0x15, 0x23, 0x15,
  0x23, 0x15, 0x23, 0x11, 0x23, 0x11, 0x33, 0x11, 0x33, 0x15, 0x33, 0x15,
  0x33, 0x15, 0x33, 0x35, 0x23, 0x35, 0x23, 0x35, 0x23, 0x35, 0x33, 0x35,
  0x33, 0x35, 0x01, 0xc0, 0x40, 0x40, 0x40, 0x40, 0x40, 0x40, 0x40, 0x40,
  0x40, 0x40, 0x40, 0x40, 0x40, 0x40, 0x40, 0x40, 0x40, 0x40, 0x01, 0xc0,
  0x40, 0x40, 0x40, 0x40, 0x01, 0x80, 0xfd, 0x40, 0x01, 0x00, 0x40, 0x40,
  0x40, 0x40, 0x40, 0x40, 0x40, 0x40, 0x40, 0x00, 0x00, 0x01, 0x00, 0x80,
  0x00, 0x00, 0x01, 0xc0, 0x02, 0xc0, 0x00, 0x09, 0x00, 0x00, 0x21, 0x35,
  0x23, 0x11, 0x23, 0x15, 0x33, 0x11, 0x23, 0x15, 0x01, 0xc0, 0x80, 0x80,
  0x40, 0x80, 0x40, 0x02, 0x80, 0x40, 0xfd, 0xc0, 0x40, 0x00, 0x00, 0x03,
  0x00, 0x40, 0x00, 0x00, 0x02, 0x00, 0x02, 0x00, 0x00, 0x09, 0x00, 0x0d,
  0x00, 0x11, 0x00, 0x00, 0x13, 0x11, 0x33, 0x11, 0x33, 0x11, 0x33, 0x11,
  0x23, 0x35, 0x17, 0x11, 0x33, 0x11, 0x23, 0x33, 0x35, 0x23, 0x40, 0x40,
  0x80, 0x40, 0x40, 0xc0, 0x40, 0xc0, 0x80, 0x80, 0x02, 0x00, 0xfe, 0x00,
  0x01, 0xc0, 0xfe, 0x40, 0x01, 0xc0, 0x40, 0x40, 0xfe, 0x40, 0x01, 0xc0,
  0x40, 0x00, 0x00, 0x03, 0x00, 0x40, 0x00, 0x00, 0x01, 0xc0, 0x02, 0x00,
  0x00, 0x07, 0x00, 0x0b, 0x00, 0x0f, 0x00, 0x00, 0x13, 0x11, 0x33, 0x11,
  0x33, 0x35, 0x23, 0x35, 0x05, 0x11, 0x33, 0x11, 0x21, 0x33, 0x35, 0x23,
  0x40, 0x40, 0x40, 0x40, 0x01, 0x00, 0x40, 0xff, 0x00, 0xc0, 0xc0, 0x02,
  0x00, 0xfe, 0x00, 0x01, 0x80, 0x40, 0x40, 0x40, 0xfe, 0x40, 0x01, 0xc0,
  0x40, 0x00, 0x00, 0x04, 0x00, 0x40, 0x00, 0x00, 0x01, 0xc0, 0x02, 0x00,
  0x00, 0x03, 0x00, 0x07, 0x00, 0x0b, 0x00, 0x0f, 0x00, 0x00, 0x37, 0x15,
  0x21, 0x35, 0x21, 0x11, 0x23, 0x11, 0x21, 0x33, 0x11, 0x23, 0x29, 0x01,
  0x35, 0x21, 0x80, 0x01, 0x00, 0xff, 0x00, 0x40, 0x01, 0x40, 0x40, 0x40,
  0xff, 0x00, 0x01, 0x00, 0xff, 0x00, 0x40, 0x40, 0x40, 0x01, 0x80, 0xfe,
  0x80, 0x01, 0x80, 0x40, 0x00, 0x03, 0x00, 0x40, 0xff, 0x80, 0x01, 0xc0,
  0x02, 0x00, 0x00, 0x0f, 0x00, 0x13, 0x00, 0x17, 0x00, 0x00, 0x13, 0x11,
  0x33, 0x35, 0x33, 0x15, 0x33, 0x35, 0x23, 0x35, 0x23, 0x11, 0x33, 0x35,
  0x23, 0x35, 0x01, 0x33, 0x11, 0x2b, 0x01, 0x33, 0x35, 0x23, 0x40, 0x40,
  0x40, 0xc0, 0xc0, 0x40, 0x40, 0x40, 0x01, 0x00, 0x40, 0x40, 0xc0, 0xc0,
  0xc0, 0x02, 0x00, 0xfd, 0x80, 0xc0, 0x40, 0x40, 0x40, 0x01, 0x00, 0x40,
  0x40, 0xfe, 0x40, 0x01, 0x80, 0x40, 0x00, 0x03, 0x00, 0x40, 0xff, 0x80,
  0x01, 0xc0, 0x02, 0x00, 0x00, 0x0f, 0x00, 0x13, 0x00, 0x17, 0x00, 0x00,
  0x25, 0x15, 0x33, 0x11, 0x23, 0x15, 0x23, 0x15, 0x33, 0x11, 0x23, 0x15,
  0x23, 0x15, 0x33, 0x35, 0x23, 0x11, 0x23, 0x11, 0x13, 0x33, 0x35, 0x23,
  0x01, 0x80, 0x40, 0x40, 0x40, 0x40, 0x40, 0xc0, 0xc0, 0xc0, 0x40, 0x40,
  0xc0, 0xc0, 0x40, 0xc0, 0x02, 0x80, 0x40, 0x40, 0xff, 0x00, 0x40, 0x40,
  0x40, 0x01, 0x80, 0xfe, 0x80, 0x01, 0x80, 0x40, 0x00, 0x03, 0x00, 0x40,
  0x00, 0x00, 0x01, 0xc0, 0x02, 0x00, 0x00, 0x07, 0x00, 0x0b, 0x00, 0x0f,
  0x00, 0x00, 0x13, 0x11, 0x33, 0x11, 0x33, 0x35, 0x23, 0x35, 0x05, 0x15,
  0x33, 0x35, 0x21, 0x33, 0x35, 0x23, 0x40, 0x40, 0x40, 0x40, 0x01, 0x00,
  0x40, 0xff, 0x00, 0xc0, 0xc0, 0x02, 0x00, 0xfe, 0x00, 0x01, 0x80, 0x40,
  0x40, 0x40, 0x80, 0x80, 0x40, 0x00, 0x00, 0x08, 0x00, 0x40, 0x00, 0x00,
  0x01, 0xc0, 0x02, 0x00, 0x00, 0x03, 0x00, 0x07, 0x00, 0x0b, 0x00, 0x0f,
  0x00, 0x13, 0x00, 0x17, 0x00, 0x1b, 0x00, 0x1f, 0x00, 0x00, 0x01, 0x35,
  0x23, 0x15, 0x01, 0x15, 0x21, 0x35, 0x21, 0x35, 0x23, 0x15, 0x21, 0x33,
  0x35, 0x23, 0x31, 0x35, 0x23, 0x15, 0x3d, 0x01, 0x23, 0x15, 0x3d, 0x01,
  0x23, 0x15, 0x37, 0x21, 0x35, 0x21, 0x01, 0xc0, 0x40, 0xff, 0x00, 0x01,
  0x00, 0xff, 0x00, 0x40, 0x01, 0x40, 0x40, 0x40, 0x80, 0x80, 0x40, 0x40,
  0x01, 0x00, 0xff, 0x00, 0x01, 0x80, 0x40, 0x40, 0xfe, 0xc0, 0x40, 0x40,
  0x40, 0x40, 0x80, 0x40, 0x40, 0x40, 0x40, 0x40, 0x40, 0x80, 0x80, 0x80,
  0x40, 0x00, 0x00, 0x02, 0x00, 0x40, 0x00, 0x00, 0x01, 0x80, 0x02, 0x80,
  0x00, 0x03, 0x00, 0x0f, 0x00, 0x00, 0x21, 0x35, 0x23, 0x15, 0x13, 0x35,
  0x23, 0x35, 0x23, 0x15, 0x23, 0x15, 0x33, 0x11, 0x33, 0x11, 0x01, 0x80,
  0x80, 0x80, 0x80, 0x40, 0x80, 0x80, 0x40, 0x40, 0x40, 0x01, 0x80, 0x40,
  0xc0, 0xc0, 0x40, 0xfe, 0xc0, 0x01, 0x40, 0x00, 0x00, 0x03, 0x00, 0x40,
  0x00, 0x00, 0x01, 0xc0, 0x02, 0x00, 0x00, 0x03, 0x00, 0x07, 0x00, 0x0f,
  0x00, 0x00, 0x37, 0x15, 0x33, 0x35, 0x23, 0x11, 0x23, 0x11, 0x21, 0x15,
  0x33, 0x11, 0x23, 0x11, 0x23, 0x15, 0x80, 0xc0, 0xc0, 0x40, 0x01, 0x40,
  0x40, 0x40, 0x40, 0x40, 0x40, 0x40, 0x01, 0xc0, 0xfe, 0x40, 0x40, 0x02,
  0x00, 0xfe, 0x80, 0x40, 0x00, 0x05, 0x00, 0x40, 0x00, 0x00, 0x01, 0xc0,
  0x02, 0x00, 0x00, 0x03, 0x00, 0x07, 0x00, 0x0b, 0x00, 0x0f, 0x00, 0x13,
  0x00, 0x00, 0x37, 0x15, 0x33, 0x35, 0x23, 0x35, 0x23, 0x15, 0x3b, 0x01,
  0x35, 0x2b, 0x01, 0x35, 0x23, 0x15, 0x21, 0x33, 0x35, 0x23, 0xc0, 0x80,
  0x80, 0x40, 0xc0, 0x40, 0x40, 0xc0, 0x40, 0x01, 0x40, 0x40, 0x40, 0x80,
  0x80, 0x80, 0xc0, 0xc0, 0xc0, 0xc0, 0xc0, 0xc0, 0x00, 0x04, 0x00, 0x40,
  0x00, 0x00, 0x02, 0x00, 0x02, 0x00, 0x00, 0x03, 0x00, 0x07, 0x00, 0x0f,
  0x00, 0x13, 0x00, 0x00, 0x37, 0x15, 0x33, 0x35, 0x23, 0x11, 0x23, 0x11,
  0x3b, 0x01, 0x15, 0x33, 0x35, 0x23, 0x11, 0x23, 0x13, 0x33, 0x11, 0x23,
  0x80, 0x80, 0x80, 0x40, 0xc0, 0x40, 0x80, 0x80, 0x40, 0xc0, 0x40, 0x40,
  0x40, 0x40, 0x40, 0x01, 0xc0, 0xfe, 0x40, 0x40, 0x40, 0x01, 0x80, 0xfe,
  0x80, 0x01, 0xc0, 0x00, 0x00, 0x09, 0x00, 0x40, 0x00, 0x00, 0x01, 0xc0,
  0x02, 0x00, 0x00, 0x03, 0x00, 0x07, 0x00, 0x0b, 0x00, 0x0f, 0x00, 0x13,
  0x00, 0x17, 0x00, 0x1b, 0x00, 0x1f, 0x00, 0x23, 0x00, 0x00, 0x37, 0x15,
  0x33, 0x35, 0x21, 0x15, 0x33, 0x35, 0x21, 0x33, 0x35, 0x23, 0x05, 0x35,
  0x23, 0x15, 0x27, 0x33, 0x35, 0x23, 0x31, 0x35, 0x23, 0x15, 0x3b, 0x01,
  0x35, 0x2b, 0x01, 0x35, 0x23, 0x15, 0x21, 0x33, 0x35, 0x23, 0x40, 0x40,
  0x01, 0x00, 0x40, 0xfe, 0xc0, 0x40, 0x40, 0x01, 0x00, 0x40, 0x80, 0x80,
  0x80, 0x40, 0xc0, 0x40, 0x40, 0xc0, 0x40, 0x01, 0x40, 0x40, 0x40, 0x80,
  0x80, 0x80, 0x80, 0x80, 0x40, 0x40, 0x40, 0x40, 0x40, 0x80, 0x40, 0x40,
  0x40, 0x80, 0x80, 0x80, 0x00, 0x04, 0x00, 0x40, 0xff, 0x80, 0x01, 0xc0,
  0x02, 0x00, 0x00, 0x03, 0x00, 0x0f, 0x00, 0x13, 0x00, 0x17, 0x00, 0x00,
  0x05, 0x21, 0x15, 0x21, 0x35, 0x33, 0x11, 0x23, 0x11, 0x23, 0x15, 0x23,
  0x15, 0x33, 0x35, 0x33, 0x23, 0x35, 0x23, 0x15, 0x35, 0x11, 0x23, 0x11,
  0x01, 0x80, 0xff, 0x00, 0x01, 0x00, 0x40, 0x40, 0x40, 0x80, 0x80, 0x40,
  0xc0, 0x40, 0x40, 0x40, 0x40, 0x40, 0x02, 0x40, 0xfe, 0xc0, 0x40, 0x40,
  0x40, 0x40, 0x40, 0x40, 0x01, 0x40, 0xfe, 0xc0, 0x00, 0x06, 0x00, 0x40,
  0x00, 0x00, 0x01, 0xc0, 0x02, 0x00, 0x00, 0x05, 0x00, 0x09, 0x00, 0x0d,
  0x00, 0x11, 0x00, 0x15, 0x00, 0x1b, 0x00, 0x00, 0x21, 0x35, 0x21, 0x35,
  0x23, 0x15, 0x37, 0x33, 0x35, 0x23, 0x3b, 0x01, 0x35, 0x23, 0x3b, 0x01,
  0x35, 0x23, 0x3b, 0x01, 0x35, 0x23, 0x3b, 0x01, 0x35, 0x21, 0x15, 0x21,
  0x01, 0xc0, 0xfe, 0xc0, 0x40, 0x40, 0x40, 0x40, 0x40, 0x40, 0x40, 0x40,
  0x40, 0x40, 0x40, 0x40, 0x40, 0x40, 0x40, 0xfe, 0x80, 0x01, 0x40, 0x40,
  0x40, 0x80, 0x80, 0x40, 0x40, 0x40, 0x40, 0x80, 0x40, 0x00, 0x00, 0x02,
  0x00, 0x80, 0xff, 0x80, 0x01, 0x80, 0x02, 0xc0, 0x00, 0x03, 0x00, 0x23,
  0x00, 0x00, 0x05, 0x35, 0x23, 0x15, 0x13, 0x35, 0x23, 0x15, 0x23, 0x15,
  0x33, 0x15, 0x23, 0x15, 0x23, 0x15, 0x33, 0x15, 0x33, 0x15, 0x23, 0x15,
  0x33, 0x35, 0x33, 0x35, 0x23, 0x35, 0x23, 0x35, 0x33, 0x35, 0x33, 0x35,
  0x23, 0x35, 0x01, 0x80, 0x80, 0x80, 0x80, 0x40, 0x40, 0x40, 0x40, 0x40,
  0x40, 0x40, 0x40, 0x40, 0x40, 0x40, 0x40, 0x40, 0x40, 0x80, 0x40, 0x40,
  0x03, 0x00, 0x40, 0x40, 0x80, 0x80, 0x40, 0x40, 0x40, 0x80, 0x80, 0x80,
  0x80, 0x40, 0x40, 0x40, 0x80, 0x80, 0x00, 0x01, 0x01, 0x00, 0xff, 0x80,
  0x01, 0x40, 0x03, 0x00, 0x00, 0x03, 0x00, 0x00, 0x01, 0x11, 0x33, 0x11,
  0x01, 0x00, 0x40, 0x03, 0x00, 0xfc, 0x80, 0x03, 0x80, 0x00, 0x00, 0x05,
  0x00, 0x80, 0xff, 0x80, 0x01, 0x80, 0x02, 0xc0, 0x00, 0x13, 0x00, 0x17,
  0x00, 0x1b, 0x00, 0x1f, 0x00, 0x23, 0x00, 0x00, 0x01, 0x35, 0x23, 0x15,
  0x23, 0x15, 0x23, 0x15, 0x33, 0x15, 0x23, 0x15, 0x33, 0x35, 0x33, 0x35,
  0x23, 0x35, 0x33, 0x3d, 0x02, 0x23, 0x15, 0x3d, 0x01, 0x23, 0x15, 0x37,
  0x33, 0x35, 0x23, 0x31, 0x35, 0x23, 0x15, 0x01, 0x80, 0x40, 0x40, 0x40,
  0x40, 0x80, 0x80, 0x40, 0x40, 0x40, 0x40, 0x40, 0x40, 0x40, 0x40, 0x80,
  0x01, 0x00, 0x40, 0x40, 0x40, 0x80, 0x80, 0x40, 0x40, 0x80, 0x80, 0x40,
  0x40, 0x40, 0x40, 0x40, 0x80, 0x80, 0x80, 0x80, 0x40, 0x40, 0x00, 0x05,
  0x00, 0x40, 0x02, 0x00, 0x02, 0x00, 0x02, 0xc0, 0x00, 0x03, 0x00, 0x07,
  0x00, 0x0b, 0x00, 0x0f, 0x00, 0x13, 0x00, 0x00, 0x13, 0x15, 0x33, 0x35,
  0x17, 0x15, 0x33, 0x35, 0x23, 0x35, 0x23, 0x15, 0x3b, 0x01, 0x35, 0x23,
  0x05, 0x33, 0x35, 0x23, 0x40, 0x40, 0xc0, 0x80, 0x80, 0x40, 0xc0, 0x40,
  0x40, 0xfe, 0xc0, 0x80, 0x80, 0x02, 0x80, 0x80, 0x80, 0x40, 0x40, 0x40,
  0x40, 0x40, 0x80, 0x40, 0x40, 0x00, 0x00, 0x02, 0x01, 0x00, 0x00, 0x00,
  0x01, 0x40, 0x02, 0x80, 0x00, 0x03, 0x00, 0x07, 0x00, 0x00, 0x01, 0x11,
  0x33, 0x11, 0x27, 0x15, 0x33, 0x35, 0x01, 0x00, 0x40, 0x40, 0x40, 0x01,
  0xc0, 0xfe, 0x40, 0x01, 0xc0, 0xc0, 0x80, 0x80, 0x00, 0x02, 0x00, 0x40,
  0x00, 0x00, 0x02, 0x00, 0x02, 0x80, 0x00, 0x1b, 0x00, 0x1f, 0x00, 0x00,
  0x25, 0x35, 0x23, 0x15, 0x23, 0x11, 0x33, 0x15, 0x33, 0x35, 0x23, 0x35,
  0x23, 0x35, 0x23, 0x15, 0x23, 0x15, 0x23, 0x11, 0x33, 0x15, 0x33, 0x15,
  0x33, 0x35, 0x33, 0x35, 0x21, 0x11, 0x33, 0x11, 0x02, 0x00, 0x40, 0x80,
  0x80, 0x40, 0x40, 0x80, 0x40, 0x80, 0x40, 0x40, 0x80, 0x40, 0x80, 0xfe,
  0xc0, 0x80, 0xc0, 0x40, 0x40, 0x01, 0x00, 0x40, 0x40, 0x40, 0x80, 0x80,
  0x40, 0xff, 0x00, 0x40, 0x80, 0x80, 0x40, 0x01, 0x00, 0xff, 0x00, 0x00,
  0x00, 0x03, 0x00, 0x40, 0x00, 0x00, 0x02, 0x00, 0x02, 0x80, 0x00, 0x03,
  0x00, 0x17, 0x00, 0x1b, 0x00, 0x00, 0x21, 0x35, 0x23, 0x15, 0x03, 0x35,
  0x23, 0x35, 0x23, 0x15, 0x23, 0x15, 0x33, 0x15, 0x23, 0x15, 0x23, 0x15,
  0x33, 0x35, 0x21, 0x35, 0x23, 0x35, 0x13, 0x35, 0x23, 0x15, 0x02, 0x00,
  0x40, 0x40, 0x80, 0x40, 0x80, 0x80, 0x40, 0x40, 0x80, 0x01, 0x00, 0xc0,
  0xc0, 0xc0, 0x40, 0x40, 0x01, 0x40, 0x40, 0xc0, 0xc0, 0x40, 0xc0, 0x40,
  0x40, 0x40, 0x40, 0xc0, 0x01, 0x00, 0x40, 0x40, 0x00, 0x03, 0x00, 0x40,
  0x00, 0x40, 0x01, 0xc0, 0x02, 0x40, 0x00, 0x03, 0x00, 0x23, 0x00, 0x27,
  0x00, 0x00, 0x25, 0x35, 0x23, 0x15, 0x13, 0x35, 0x23, 0x15, 0x21, 0x15,
  0x23, 0x15, 0x33, 0x15, 0x23, 0x15, 0x33, 0x35, 0x21, 0x35, 0x23, 0x15,
  0x23, 0x35, 0x23, 0x35, 0x33, 0x35, 0x33, 0x15, 0x33, 0x15, 0x33, 0x35,
  0x23, 0x35, 0x21, 0x35, 0x23, 0x15, 0x01, 0xc0, 0x40, 0x40, 0x40, 0xff,
  0x00, 0x40, 0x40, 0x40, 0x40, 0x01, 0x00, 0x40, 0x80, 0x40, 0x40, 0x80,
  0x40, 0x40, 0x40, 0xff, 0x00, 0x40, 0x40, 0x40, 0x40, 0x01, 0xc0, 0x40,
  0x40, 0x80, 0x80, 0x80, 0x40, 0x40, 0x80, 0x40, 0x40, 0x80, 0x40, 0x40,
  0x80, 0x80, 0x80, 0x40, 0x40, 0x00, 0x00, 0x05, 0x00, 0x40, 0x00, 0x00,
  0x02, 0x00, 0x02, 0x80, 0x00, 0x13, 0x00, 0x1f, 0x00, 0x23, 0x00, 0x27,
  0x00, 0x2b, 0x00, 0x00, 0x25, 0x35, 0x23, 0x35, 0x33, 0x35, 0x23, 0x35,
  0x23, 0x15, 0x23, 0x15, 0x33, 0x15, 0x23, 0x15, 0x33, 0x15, 0x33, 0x35,
  0x13, 0x35, 0x23, 0x15, 0x23, 0x15, 0x23, 0x15, 0x33, 0x35, 0x33, 0x35,
  0x07, 0x35, 0x23, 0x15, 0x3d, 0x01, 0x23, 0x15, 0x3d, 0x01, 0x23, 0x15,
  0x02, 0x00, 0xc0, 0xc0, 0xc0, 0x40, 0xc0, 0xc0, 0xc0, 0xc0, 0x40, 0xc0,
  0x40, 0x40, 0x40, 0x40, 0x40, 0xc0, 0x40, 0x40, 0x40, 0xc0, 0x40, 0x40,
  0x40, 0x40, 0x40, 0x40, 0x40, 0x40, 0xc0, 0xc0, 0x01, 0x80, 0x40, 0x40,
  0x40, 0x40, 0x40, 0x40, 0x80, 0x40, 0x40, 0x40, 0x40, 0x40, 0x40, 0x40,
  0x40, 0x00, 0x00, 0x02, 0x01, 0x00, 0x00, 0x00, 0x01, 0x40, 0x02, 0x80,
  0x00, 0x03, 0x00, 0x07, 0x00, 0x00, 0x01, 0x11, 0x33, 0x11, 0x03, 0x11,
  0x33, 0x11, 0x01, 0x00, 0x40, 0x40, 0x40, 0x01, 0x00, 0xff, 0x00, 0x01,
  0x00, 0x01, 0x80, 0xff, 0x00, 0x01, 0x00, 0x00, 0x00, 0x0a, 0x00, 0x40,
  0x00, 0x00, 0x01, 0xc0, 0x02, 0x80, 0x00, 0x03, 0x00, 0x07, 0x00, 0x0b,
  0x00, 0x0f, 0x00, 0x13, 0x00, 0x17, 0x00, 0x1b, 0x00, 0x1f, 0x00, 0x23,
  0x00, 0x27, 0x00, 0x00, 0x01, 0x35, 0x23, 0x15, 0x01, 0x15, 0x21, 0x35,
  0x21, 0x35, 0x23, 0x15, 0x21, 0x33, 0x35, 0x23, 0x31, 0x35, 0x21, 0x15,
  0x3d, 0x01, 0x23, 0x15, 0x21, 0x33, 0x35, 0x23, 0x29, 0x01, 0x35, 0x21,
  0x31, 0x35, 0x23, 0x15, 0x37, 0x21, 0x35, 0x21, 0x01, 0xc0, 0x40, 0xff,
  0x00, 0x01, 0x00, 0xff, 0x00, 0x40, 0x01, 0x40, 0x40, 0x40, 0xff, 0x00,
  0x40, 0x01, 0x40, 0x40, 0x40, 0xff, 0x00, 0x01, 0x00, 0xff, 0x00, 0x40,
  0x40, 0x01, 0x00, 0xff, 0x00, 0x02, 0x00, 0x40, 0x40, 0xfe, 0x40, 0x40,
  0x40, 0x40, 0x40, 0x80, 0x40, 0x40, 0x40, 0x80, 0x80, 0x80, 0x40, 0x80,
  0x80, 0x80, 0x40, 0x00, 0x00, 0x02, 0x00, 0x80, 0x03, 0x00, 0x01, 0x80,
  0x03, 0x80, 0x00, 0x03, 0x00, 0x07, 0x00, 0x00, 0x13, 0x15, 0x33, 0x35,
  0x33, 0x15, 0x33, 0x35, 0x80, 0x40, 0x80, 0x40, 0x03, 0x80, 0x80, 0x80,
  0x80, 0x80, 0x00, 0x0c, 0x00, 0x00, 0x00, 0x00, 0x02, 0x00, 0x02, 0x80,
  0x00, 0x07, 0x00, 0x0b, 0x00, 0x0f, 0x00, 0x13, 0x00, 0x17, 0x00, 0x1b,
  0x00, 0x1f, 0x00, 0x23, 0x00, 0x27, 0x00, 0x2b, 0x00, 0x2f, 0x00, 0x33,
  0x00, 0x00, 0x25, 0x35, 0x23, 0x15, 0x23, 0x15, 0x33, 0x35, 0x37, 0x35,
  0x23, 0x15, 0x03, 0x15, 0x21, 0x35, 0x21, 0x35, 0x23, 0x15, 0x21, 0x33,
  0x35, 0x23, 0x21, 0x11, 0x23, 0x11, 0x21, 0x33, 0x11, 0x23, 0x01, 0x11,
  0x23, 0x11, 0x13, 0x33, 0x35, 0x2b, 0x01, 0x33, 0x35, 0x23, 0x05, 0x35,
  0x23, 0x15, 0x25, 0x21, 0x35, 0x21, 0x01, 0x80, 0x40, 0x80, 0x80, 0x40,
  0x40, 0xc0, 0x01, 0x00, 0xff, 0x00, 0x40, 0x01, 0x40, 0x40, 0x40, 0xfe,
  0xc0, 0x40, 0x01, 0xc0, 0x40, 0x40, 0xff, 0x00, 0x40, 0x40, 0x80, 0x80,
  0x80, 0x40, 0x40, 0x01, 0x80, 0x40, 0xff, 0x00, 0x01, 0x00, 0xff, 0x00,
  0xc0, 0x40, 0x40, 0x40, 0x40, 0xc0, 0x40, 0x40, 0xfe, 0xc0, 0x40, 0x40,
  0x40, 0x40, 0x40, 0x01, 0x80, 0xfe, 0x80, 0x01, 0x80, 0xfe, 0xc0, 0x01,
  0x00, 0xff, 0x00, 0x01, 0x00, 0x40, 0x40, 0x40, 0x40, 0x40, 0x40, 0x40,
  0x00, 0x04, 0x00, 0x80, 0x01, 0x40, 0x01, 0xc0, 0x03, 0x00, 0x00, 0x03,
  0x00, 0x0d, 0x00, 0x11, 0x00, 0x15, 0x00, 0x00, 0x01, 0x35, 0x21, 0x15,
  0x37, 0x15, 0x21, 0x11, 0x23, 0x15, 0x23, 0x15, 0x23, 0x15, 0x33, 0x35,
  0x33, 0x15, 0x3d, 0x01, 0x23, 0x15, 0x01, 0xc0, 0xfe, 0xc0, 0x40, 0x01,
  0x00, 0x40, 0xc0, 0x40, 0x40, 0xc0, 0xc0, 0x01, 0x40, 0x40, 0x40, 0xc0,
  0x40, 0x01, 0x00, 0x40, 0x40, 0x40, 0x40, 0x40, 0xc0, 0x40, 0x40, 0x00,
  0x00, 0x0a, 0x00, 0x40, 0x00, 0x00, 0x01, 0xc0, 0x02, 0x40, 0x00, 0x03,
  0x00, 0x07, 0x00, 0x0b, 0x00, 0x0f, 0x00, 0x13, 0x00, 0x17, 0x00, 0x1b,
  0x00, 0x1f, 0x00, 0x23, 0x00, 0x27, 0x00, 0x00, 0x37, 0x15, 0x33, 0x35,
  0x33, 0x15, 0x33, 0x35, 0x21, 0x35, 0x23, 0x15, 0x21, 0x35, 0x23, 0x15,
  0x27, 0x35, 0x23, 0x15, 0x21, 0x35, 0x23, 0x15, 0x27, 0x33, 0x35, 0x23,
  0x17, 0x33, 0x35, 0x2b, 0x01, 0x33, 0x35, 0x23, 0x17, 0x33, 0x35, 0x23,
  0xc0, 0x40, 0x80, 0x40, 0xff, 0x00, 0x40, 0x01, 0x00, 0x40, 0xc0, 0x40,
  0x01, 0x00, 0x40, 0x80, 0x40, 0x40, 0xc0, 0x40, 0x40, 0x80, 0x40, 0x40,
  0xc0, 0x40, 0x40, 0x80, 0x80, 0x80, 0x80, 0x80, 0x80, 0x80, 0x80, 0x80,
  0x80, 0x40, 0x40, 0x40, 0x40, 0x40, 0x80, 0x80, 0x80, 0x80, 0x80, 0x80,
  0x00, 0x01, 0x00, 0x40, 0x00, 0x00, 0x01, 0xc0, 0x01, 0x00, 0x00, 0x05,
  0x00, 0x00, 0x25, 0x15, 0x33, 0x11, 0x21, 0x15, 0x01, 0x80, 0x40, 0xfe,
  0x80, 0xc0, 0xc0, 0x01, 0x00, 0x40, 0x00, 0x20, 0x00, 0x00, 0xff, 0x80,
  0x04, 0x00, 0x03, 0x80, 0x00, 0x03, 0x00, 0x07, 0x00, 0x0b, 0x00, 0x0f,
  0x00, 0x13, 0x00, 0x17, 0x00, 0x1b, 0x00, 0x1f, 0x00, 0x23, 0x00, 0x27,
  0x00, 0x2b, 0x00, 0x2f, 0x00, 0x33, 0x00, 0x37, 0x00, 0x3b, 0x00, 0x47,
  0x00, 0x4b, 0x00, 0x57, 0x00, 0x63, 0x00, 0x67, 0x00, 0x6b, 0x00, 0x6f,
  0x00, 0x73, 0x00, 0x77, 0x00, 0x7b, 0x00, 0x7f, 0x00, 0x83, 0x00, 0x87,
  0x00, 0x8b, 0x00, 0x8f, 0x00, 0xa1, 0x00, 0xa5, 0x00, 0x00, 0x17, 0x35,
  0x23, 0x15, 0x33, 0x35, 0x23, 0x15, 0x33, 0x35, 0x23, 0x15, 0x33, 0x35,
  0x23, 0x15, 0x33, 0x35, 0x23, 0x15, 0x33, 0x35, 0x23, 0x15, 0x33, 0x35,
  0x23, 0x15, 0x33, 0x35, 0x23, 0x15, 0x37, 0x35, 0x23, 0x15, 0x25, 0x35,
  0x23, 0x15, 0x25, 0x35, 0x21, 0x15, 0x21, 0x35, 0x23, 0x15, 0x25, 0x35,
  0x23, 0x15, 0x25, 0x35, 0x23, 0x15, 0x37, 0x35, 0x23, 0x15, 0x25, 0x35,
  0x23, 0x15, 0x23, 0x15, 0x23, 0x15, 0x33, 0x35, 0x33, 0x35, 0x25, 0x35,
  0x23, 0x15, 0x25, 0x35, 0x23, 0x15, 0x23, 0x15, 0x33, 0x15, 0x33, 0x35,
  0x23, 0x35, 0x21, 0x35, 0x23, 0x15, 0x23, 0x15, 0x23, 0x15, 0x33, 0x35,
  0x33, 0x35, 0x25, 0x35, 0x23, 0x15, 0x25, 0x35, 0x23, 0x15, 0x25, 0x35,
  0x23, 0x15, 0x33, 0x35, 0x23, 0x15, 0x33, 0x35, 0x23, 0x15, 0x33, 0x35,
  0x23, 0x15, 0x33, 0x35, 0x23, 0x15, 0x33, 0x35, 0x23, 0x15, 0x33, 0x35,
  0x23, 0x15, 0x01, 0x35, 0x23, 0x15, 0x13, 0x35, 0x23, 0x15, 0x01, 0x11,
  0x33, 0x35, 0x33, 0x15, 0x33, 0x11, 0x33, 0x15, 0x33, 0x35, 0x23, 0x35,
  0x23, 0x15, 0x23, 0x35, 0x25, 0x35, 0x23, 0x15, 0x80, 0x40, 0xc0, 0x40,
  0xc0, 0x40, 0xc0, 0x40, 0xc0, 0x40, 0xc0, 0x40, 0xc0, 0x40, 0xc0, 0x40,
  0x40, 0x40, 0xfc, 0x80, 0x40, 0x02, 0x80, 0xff, 0x00, 0x02, 0x80, 0x40,
  0xfc, 0x80, 0x40, 0x04, 0x00, 0x40, 0x40, 0x40, 0xfd, 0x80, 0x40, 0xc0,
  0x40, 0x40, 0xc0, 0x03, 0x00, 0x40, 0xfd, 0x80, 0xc0, 0x80, 0x80, 0x80,
  0x80, 0x03, 0x80, 0x80, 0x40, 0x40, 0x40, 0x40, 0xfc, 0xc0, 0x40, 0x04,
  0x00, 0x40, 0xfc, 0x80, 0x40, 0xc0, 0x40, 0xc0, 0x40, 0xc0, 0x40, 0xc0,
  0x40, 0xc0, 0x40, 0xc0, 0x40, 0xfd, 0x40, 0x40, 0x40, 0x40, 0x01, 0x80,
  0x40, 0x80, 0x40, 0x40, 0x40, 0x40, 0x80, 0x80, 0x02, 0x00, 0x40, 0x80,
  0x40, 0x40, 0x40, 0x40, 0x40, 0x40, 0x40, 0x40, 0x40, 0x40, 0x40, 0x40,
  0x40, 0x40, 0x40, 0x40, 0x80, 0x40, 0x40, 0x40, 0x40, 0x40, 0x40, 0x40,
  0x40, 0x40, 0x40, 0x40, 0x40, 0x40, 0x40, 0x40, 0x40, 0x80, 0x40, 0x40,
  0x40, 0x40, 0x40, 0x40, 0x40, 0x40, 0x40, 0x40, 0x40, 0x40, 0x80, 0x40,
  0x40, 0x40, 0x40, 0x40, 0x40, 0x40, 0x40, 0x40, 0xc0, 0xc0, 0x40, 0x40,
  0x40, 0x40, 0x40, 0x40, 0x40, 0x40, 0x40, 0x40, 0x40, 0x40, 0x40, 0x40,
  0x40, 0x40, 0x40, 0x40, 0x40, 0x40, 0x40, 0x40, 0xfc, 0x80, 0x40, 0x40,
  0x02, 0x00, 0x40, 0x40, 0x01, 0x00, 0xfe, 0xc0, 0x80, 0x80, 0x01, 0x00,
  0x40, 0x40, 0x40, 0x80, 0x80, 0x80, 0x40, 0x40, 0x00, 0x09, 0x00, 0x00,
  0x00, 0x00, 0x02, 0x00, 0x02, 0x80, 0x00, 0x03, 0x00, 0x07, 0x00, 0x0b,
  0x00, 0x0f, 0x00, 0x23, 0x00, 0x27, 0x00, 0x2b, 0x00, 0x2f, 0x00, 0x33,
  0x00, 0x00, 0x37, 0x15, 0x21, 0x35, 0x21, 0x35, 0x23, 0x15, 0x21, 0x33,
  0x35, 0x23, 0x21, 0x11, 0x23, 0x11, 0x3b, 0x01, 0x35, 0x33, 0x15, 0x33,
  0x15, 0x33, 0x35, 0x23, 0x35, 0x23, 0x35, 0x33, 0x15, 0x33, 0x35, 0x23,
  0x35, 0x23, 0x01, 0x33, 0x11, 0x23, 0x21, 0x33, 0x35, 0x23, 0x05, 0x35,
  0x23, 0x15, 0x25, 0x21, 0x35, 0x21, 0x80, 0x01, 0x00, 0xff, 0x00, 0x40,
  0x01, 0x40, 0x40, 0x40, 0xfe, 0xc0, 0x40, 0x80, 0x40, 0x40, 0x40, 0x40,
  0x40, 0x80, 0x80, 0x40, 0x40, 0xc0, 0x01, 0x40, 0x40, 0x40, 0xfe, 0x80,
  0x40, 0x40, 0x01, 0x80, 0x40, 0xff, 0x00, 0x01, 0x00, 0xff, 0x00, 0x40,
  0x40, 0x40, 0x40, 0x40, 0x40, 0x01, 0x80, 0xfe, 0x80, 0x80, 0x40, 0x40,
  0x40, 0x80, 0x80, 0x80, 0x80, 0x40, 0xfe, 0x80, 0x01, 0x80, 0x40, 0x40,
  0x40, 0x40, 0x40, 0x40, 0x00, 0x01, 0x00, 0x40, 0x02, 0xc0, 0x01, 0xc0,
  0x03, 0x00, 0x00, 0x03, 0x00, 0x00, 0x01, 0x35, 0x21, 0x15, 0x01, 0xc0,
  0xfe, 0x80, 0x02, 0xc0, 0x40, 0x40, 0x00, 0x04, 0x00, 0x80, 0x01, 0x80,
  0x01, 0x80, 0x02, 0x80, 0x00, 0x03, 0x00, 0x07, 0x00, 0x0b, 0x00, 0x0f,
  0x00, 0x00, 0x13, 0x15, 0x33, 0x35, 0x23, 0x35, 0x23, 0x15, 0x3b, 0x01,
  0x35, 0x2b, 0x01, 0x33, 0x35, 0x23, 0xc0, 0x80, 0x80, 0x40, 0xc0, 0x40,
  0x40, 0x80, 0x80, 0x80, 0x01, 0xc0, 0x40, 0x40, 0x80, 0x80, 0x80, 0x40,
  0x00, 0x02, 0x00, 0x40, 0x00, 0x40, 0x02, 0x00, 0x02, 0x80, 0x00, 0x03,
  0x00, 0x0f, 0x00, 0x00, 0x25, 0x35, 0x21, 0x15, 0x01, 0x35, 0x23, 0x35,
  0x23, 0x15, 0x23, 0x15, 0x33, 0x15, 0x33, 0x35, 0x02, 0x00, 0xfe, 0x40,
  0x01, 0xc0, 0xc0, 0x40, 0xc0, 0xc0, 0x40, 0x40, 0x40, 0x40, 0x01, 0x40,
  0x40, 0xc0, 0xc0, 0x40, 0xc0, 0xc0, 0x00, 0x06, 0x00, 0x40, 0x01, 0x00,
  0x01, 0x80, 0x02, 0xc0, 0x00, 0x05, 0x00, 0x09, 0x00, 0x0d, 0x00, 0x11,
  0x00, 0x15, 0x00, 0x19, 0x00, 0x00, 0x01, 0x35, 0x21, 0x35, 0x23, 0x15,
  0x37, 0x33, 0x35, 0x23, 0x3b, 0x01, 0x35, 0x23, 0x3b, 0x01, 0x35, 0x2b,
  0x02, 0x15, 0x33, 0x35, 0x33, 0x35, 0x23, 0x01, 0x80, 0xff, 0x00, 0x40,
  0x40, 0x40, 0x40, 0x40, 0x80, 0x80, 0x80, 0x40, 0x40, 0xc0, 0x40, 0x40,
  0xc0, 0xc0, 0x01, 0x00, 0x40, 0x40, 0x80, 0x80, 0x40, 0x40, 0x80, 0x40,
  0x40, 0x40, 0x00, 0x07, 0x00, 0x40, 0x01, 0x00, 0x01, 0x80, 0x02, 0xc0,
  0x00, 0x03, 0x00, 0x07, 0x00, 0x0b, 0x00, 0x0f, 0x00, 0x13, 0x00, 0x17,
  0x00, 0x1b, 0x00, 0x00, 0x13, 0x15, 0x33, 0x35, 0x23, 0x35, 0x23, 0x15,
  0x21, 0x33, 0x35, 0x23, 0x31, 0x35, 0x23, 0x15, 0x37, 0x33, 0x35, 0x2b,
  0x02, 0x15, 0x33, 0x35, 0x33, 0x35, 0x23, 0x80, 0xc0, 0xc0, 0x40, 0x01,
  0x00, 0x40, 0x40, 0xc0, 0xc0, 0x40, 0x40, 0xc0, 0x40, 0x40, 0xc0, 0xc0,
  0x01, 0x40, 0x40, 0x40, 0x40, 0x40, 0x80, 0x40, 0x40, 0x40, 0x80, 0x40,
  0x40, 0x40, 0x00, 0x01, 0x00, 0xc0, 0x02, 0x80, 0x01, 0x80, 0x03, 0x40,
  0x00, 0x0b, 0x00, 0x00, 0x01, 0x35, 0x23, 0x15, 0x23, 0x15, 0x23, 0x15,
  0x33, 0x35, 0x33, 0x35, 0x01, 0x80, 0x40, 0x40, 0x40, 0x40, 0x40, 0x03,
  0x00, 0x40, 0x40, 0x40, 0x40, 0x40, 0x40, 0x00, 0x00, 0x04, 0x00, 0x00,
  0xff, 0x80, 0x02, 0x00, 0x02, 0x00, 0x00, 0x03, 0x00, 0x07, 0x00, 0x13,
  0x00, 0x19, 0x00, 0x00, 0x21, 0x35, 0x23, 0x15, 0x05, 0x23, 0x15, 0x33,
  0x35, 0x33, 0x35, 0x33, 0x15, 0x33, 0x35, 0x23, 0x35, 0x23, 0x11, 0x23,
  0x01, 0x33, 0x11, 0x23, 0x11, 0x23, 0x02, 0x00, 0x40, 0xfe, 0x80, 0x40,
  0x40, 0x40, 0x40, 0x80, 0x80, 0x40, 0x40, 0x01, 0x00, 0x80, 0x40, 0x40,
  0x40, 0x40, 0x40, 0x40, 0x40, 0x80, 0x40, 0x40, 0x40, 0x01, 0x80, 0xfe,
  0x40, 0x01, 0xc0, 0xfe, 0x80, 0x00, 0x00, 0x01, 0x00, 0x40, 0xff, 0xc0,
  0x02, 0x00, 0x02, 0x80, 0x00, 0x0f, 0x00, 0x00, 0x01, 0x35, 0x21, 0x15,
  0x23, 0x15, 0x33, 0x15, 0x33, 0x11, 0x33, 0x11, 0x33, 0x11, 0x33, 0x11,
  0x02, 0x00, 0xfe, 0x80, 0x40, 0x40, 0x80, 0x40, 0x40, 0x40, 0x02, 0x40,
  0x40, 0x40, 0xc0, 0x40, 0xfe, 0x80, 0x02, 0x80, 0xfd, 0x80, 0x02, 0x80,
  0x00, 0x01, 0x00, 0xc0, 0x01, 0x00, 0x01, 0x40, 0x01, 0x80, 0x00, 0x03,
  0x00, 0x00, 0x13, 0x15, 0x33, 0x35, 0xc0, 0x80, 0x01, 0x80, 0x80, 0x80,
  0x00, 0x01, 0x00, 0x80, 0xff, 0x80, 0x01, 0x40, 0x00, 0x00, 0x00, 0x07,
  0x00, 0x00, 0x05, 0x35, 0x23, 0x15, 0x23, 0x15, 0x33, 0x35, 0x01, 0x40,
  0x40, 0x80, 0x80, 0x40, 0x40, 0x40, 0x40, 0x40, 0x00, 0x01, 0x00, 0x40,
  0x01, 0x00, 0x01, 0x80, 0x02, 0xc0, 0x00, 0x0f, 0x00, 0x00, 0x01, 0x35,
  0x23, 0x11, 0x23, 0x15, 0x23, 0x15, 0x23, 0x15, 0x33, 0x35, 0x33, 0x11,
  0x23, 0x15, 0x01, 0x80, 0x80, 0x40, 0x40, 0x40, 0x40, 0x40, 0x80, 0x01,
  0x00, 0x40, 0x01, 0x80, 0x40, 0x40, 0x40, 0x40, 0xff, 0x00, 0x40, 0x00,
  0x00, 0x05, 0x00, 0x80, 0x01, 0x40, 0x01, 0xc0, 0x03, 0x00, 0x00, 0x03,
  0x00, 0x07, 0x00, 0x0b, 0x00, 0x0f, 0x00, 0x13, 0x00, 0x00, 0x01, 0x35,
  0x21, 0x15, 0x37, 0x15, 0x33, 0x35, 0x23, 0x35, 0x23, 0x15, 0x21, 0x33,
  0x35, 0x2b, 0x01, 0x33, 0x35, 0x23, 0x01, 0xc0, 0xfe, 0xc0, 0x40, 0xc0,
  0xc0, 0x40, 0x01, 0x00, 0x40, 0x40, 0xc0, 0xc0, 0xc0, 0x01, 0x40, 0x40,
  0x40, 0xc0, 0x40, 0x40, 0xc0, 0xc0, 0xc0, 0x40, 0x00, 0x06, 0x00, 0x40,
  0x00, 0x00, 0x01, 0xc0, 0x02, 0x40, 0x00, 0x0b, 0x00, 0x17, 0x00, 0x1b,
  0x00, 0x1f, 0x00, 0x23, 0x00, 0x27, 0x00, 0x00, 0x01, 0x35, 0x23, 0x15,
  0x23, 0x15, 0x23, 0x15, 0x33, 0x35, 0x33, 0x35, 0x21, 0x35, 0x23, 0x15,
  0x23, 0x15, 0x23, 0x15, 0x33, 0x35, 0x33, 0x35, 0x27, 0x35, 0x23, 0x15,
  0x21, 0x35, 0x23, 0x15, 0x27, 0x35, 0x23, 0x15, 0x21, 0x35, 0x23, 0x15,
  0x01, 0x00, 0x40, 0x40, 0x40, 0x40, 0x40, 0x01, 0x00, 0x40, 0x40, 0x40,
  0x40, 0x40, 0xc0, 0x40, 0x01, 0x00, 0x40, 0xc0, 0x40, 0x01, 0x00, 0x40,
  0x01, 0x00, 0x40, 0x40, 0x80, 0x80, 0x80, 0x80, 0x40, 0x40, 0x80, 0x80,
  0x80, 0x80, 0x40, 0x80, 0x80, 0x80, 0x80, 0x80, 0x80, 0x80, 0x80, 0x80,
  0x00, 0x09, 0x00, 0x40, 0x00, 0x00, 0x01, 0xc0, 0x02, 0x80, 0x00, 0x03,
  0x00, 0x0d, 0x00, 0x11, 0x00, 0x15, 0x00, 0x19, 0x00, 0x21, 0x00, 0x25,
  0x00, 0x29, 0x00, 0x2d, 0x00, 0x00, 0x37, 0x15, 0x33, 0x35, 0x05, 0x15,
  0x33, 0x11, 0x23, 0x15, 0x23, 0x15, 0x23, 0x15, 0x27, 0x33, 0x35, 0x23,
  0x17, 0x35, 0x33, 0x15, 0x27, 0x33, 0x35, 0x23, 0x31, 0x11, 0x23, 0x15,
  0x23, 0x15, 0x33, 0x15, 0x3b, 0x01, 0x35, 0x23, 0x3b, 0x01, 0x35, 0x23,
  0x3b, 0x01, 0x35, 0x23, 0x40, 0x40, 0x01, 0x00, 0x40, 0x40, 0x40, 0x40,
  0x80, 0x40, 0x40, 0xc0, 0x40, 0xc0, 0x40, 0x40, 0x40, 0x40, 0x40, 0x80,
  0x40, 0x40, 0x40, 0x40, 0x40, 0x40, 0x40, 0x40, 0x80, 0x80, 0x80, 0x40,
  0x40, 0x01, 0x40, 0x40, 0x40, 0x80, 0x40, 0x40, 0x40, 0x40, 0x40, 0x40,
  0x80, 0x01, 0x40, 0x40, 0x40, 0xc0, 0x80, 0x40, 0x80, 0x00, 0x00, 0x0a,
  0x00, 0x40, 0x00, 0x00, 0x01, 0xc0, 0x02, 0x80, 0x00, 0x07, 0x00, 0x0b,
  0x00, 0x0f, 0x00, 0x13, 0x00, 0x19, 0x00, 0x1d, 0x00, 0x25, 0x00, 0x29,
  0x00, 0x2d, 0x00, 0x31, 0x00, 0x00, 0x21, 0x35, 0x23, 0x35, 0x23, 0x15,
  0x23, 0x15, 0x27, 0x15, 0x33, 0x35, 0x31, 0x33, 0x35, 0x23, 0x05, 0x33,
  0x35, 0x23, 0x07, 0x33, 0x35, 0x23, 0x35, 0x23, 0x17, 0x33, 0x35, 0x2b,
  0x01, 0x11, 0x23, 0x15, 0x23, 0x15, 0x33, 0x15, 0x3b, 0x01, 0x35, 0x23,
  0x3b, 0x01, 0x35, 0x23, 0x3b, 0x01, 0x35, 0x23, 0x01, 0xc0, 0x40, 0x40,
  0x40, 0xc0, 0x40, 0x40, 0x40, 0x01, 0x00, 0x40, 0x40, 0xc0, 0x80, 0x40,
  0x40, 0x80, 0x40, 0x40, 0x80, 0x40, 0x40, 0x40, 0x80, 0x40, 0x40, 0x40,
  0x40, 0x40, 0x40, 0x40, 0x40, 0x40, 0x40, 0x40, 0x40, 0x80, 0x80, 0x80,
  0x40, 0x40, 0x80, 0x40, 0x40, 0x40, 0x40, 0x40, 0x01, 0x40, 0x40, 0x40,
  0xc0, 0x80, 0x40, 0x80, 0x00, 0x05, 0x00, 0x40, 0x00, 0x00, 0x01, 0xc0,
  0x02, 0x80, 0x00, 0x27, 0x00, 0x2b, 0x00, 0x2f, 0x00, 0x33, 0x00, 0x37,
  0x00, 0x00, 0x01, 0x35, 0x23, 0x15, 0x23, 0x15, 0x33, 0x15, 0x23, 0x15,
  0x33, 0x15, 0x23, 0x15, 0x23, 0x15, 0x33, 0x35, 0x33, 0x35, 0x33, 0x15,
  0x33, 0x15, 0x33, 0x11, 0x23, 0x15, 0x23, 0x15, 0x23, 0x35, 0x23, 0x35,
  0x33, 0x15, 0x33, 0x35, 0x23, 0x35, 0x13, 0x35, 0x33, 0x15, 0x03, 0x33,
  0x35, 0x23, 0x3b, 0x01, 0x35, 0x23, 0x07, 0x35, 0x23, 0x15, 0x01, 0x00,
  0x40, 0x40, 0x40, 0x80, 0x80, 0x40, 0x40, 0x40, 0x40, 0x40, 0x80, 0x40,
  0x40, 0x40, 0x40, 0x40, 0x40, 0x40, 0x80, 0x80, 0x40, 0x40, 0x40, 0x40,
  0x40, 0x40, 0x40, 0xc0, 0x80, 0x02, 0x00, 0x40, 0x40, 0x40, 0x40, 0x40,
  0x80, 0x40, 0x80, 0x80, 0x40, 0x80, 0x40, 0x01, 0x40, 0x40, 0x40, 0x80,
  0x40, 0x40, 0x80, 0x40, 0xfe, 0x80, 0x40, 0x40, 0x01, 0x40, 0x40, 0x80,
  0x40, 0x40, 0x40, 0x00, 0x00, 0x06, 0x00, 0x40, 0x00, 0x00, 0x01, 0xc0,
  0x02, 0x80, 0x00, 0x03, 0x00, 0x07, 0x00, 0x0b, 0x00, 0x0f, 0x00, 0x13,
  0x00, 0x17, 0x00, 0x00, 0x37, 0x15, 0x21, 0x35, 0x21, 0x35, 0x23, 0x15,
  0x21, 0x33, 0x35, 0x23, 0x25, 0x33, 0x35, 0x23, 0x3b, 0x01, 0x35, 0x23,
  0x35, 0x15, 0x33, 0x35, 0x80, 0x01, 0x00, 0xff, 0x00, 0x40, 0x01, 0x40,
  0x40, 0x40, 0xff, 0x00, 0x40, 0x40, 0x40, 0x40, 0x40, 0x40, 0x40, 0x40,
  0x40, 0xc0, 0xc0, 0x80, 0x40, 0x40, 0x80, 0xc0, 0x80, 0x80, 0x00, 0x06,
  0x00, 0x40, 0x00, 0x00, 0x01, 0xc0, 0x03, 0x80, 0x00, 0x03, 0x00, 0x0f,
  0x00, 0x13, 0x00, 0x17, 0x00, 0x1b, 0x00, 0x1f, 0x00, 0x00, 0x01, 0x35,
  0x23, 0x15, 0x03, 0x11, 0x33, 0x11, 0x21, 0x11, 0x33, 0x11, 0x23, 0x15,
  0x21, 0x35, 0x31, 0x33, 0x35, 0x23, 0x05, 0x35, 0x23, 0x15, 0x27, 0x33,
  0x35, 0x23, 0x37, 0x35, 0x23, 0x15, 0x01, 0x80, 0x80, 0xc0, 0x40, 0x01,
  0x00, 0x40, 0x40, 0xff, 0x00, 0x40, 0x40, 0x01, 0x00, 0x40, 0x80, 0x80,
  0x80, 0x40, 0x80, 0x03, 0x00, 0x40, 0x40, 0xfe, 0xc0, 0xfe, 0x40, 0x01,
  0x00, 0xff, 0x00, 0x01, 0xc0, 0x80, 0x80, 0x80, 0x80, 0x80, 0x80, 0x80,
  0x40, 0xc0, 0x40, 0x40, 0x00, 0x05, 0x00, 0x40, 0x00, 0x00, 0x01, 0xc0,
  0x03, 0x80, 0x00, 0x07, 0x00, 0x13, 0x00, 0x17, 0x00, 0x1b, 0x00, 0x1f,
  0x00, 0x00, 0x01, 0x35, 0x23, 0x15, 0x23, 0x15, 0x33, 0x35, 0x03, 0x11,
  0x33, 0x11, 0x21, 0x11, 0x33, 0x11, 0x23, 0x15, 0x21, 0x35, 0x31, 0x33,
  0x35, 0x23, 0x05, 0x35, 0x23, 0x15, 0x27, 0x33, 0x35, 0x23, 0x01, 0x80,
  0x80, 0x80, 0x80, 0xc0, 0x40, 0x01, 0x00, 0x40, 0x40, 0xff, 0x00, 0x40,
  0x40, 0x01, 0x00, 0x40, 0x80, 0x80, 0x80, 0x03, 0x40, 0x40, 0x40, 0x40,
  0x40, 0xfe, 0x80, 0xfe, 0x40, 0x01, 0x00, 0xff, 0x00, 0x01, 0xc0, 0x80,
  0x80, 0x80, 0x80, 0x80, 0x80, 0x80, 0x40, 0x00, 0x00, 0x07, 0x00, 0x40,
  0x00, 0x00, 0x01, 0xc0, 0x03, 0x80, 0x00, 0x03, 0x00, 0x0f, 0x00, 0x13,
  0x00, 0x17, 0x00, 0x1b, 0x00, 0x1f, 0x00, 0x23, 0x00, 0x00, 0x01, 0x35,
  0x23, 0x15, 0x01, 0x11, 0x33, 0x11, 0x21, 0x11, 0x33, 0x11, 0x23, 0x15,
  0x21, 0x35, 0x31, 0x33, 0x35, 0x23, 0x05, 0x35, 0x23, 0x15, 0x27, 0x33,
  0x35, 0x23, 0x35, 0x23, 0x15, 0x33, 0x35, 0x33, 0x35, 0x23, 0x01, 0x80,
  0x40, 0xff, 0x00, 0x40, 0x01, 0x00, 0x40, 0x40, 0xff, 0x00, 0x40, 0x40,
  0x01, 0x00, 0x40, 0x80, 0x80, 0x80, 0x40, 0x40, 0x80, 0x80, 0x03, 0x00,
  0x40, 0x40, 0xfe, 0xc0, 0xfe, 0x40, 0x01, 0x00, 0xff, 0x00, 0x01, 0xc0,
  0x80, 0x80, 0x80, 0x80, 0x80, 0x80, 0x80, 0x40, 0xc0, 0x40, 0x40, 0x40,
  0x00, 0x07, 0x00, 0x40, 0x00, 0x00, 0x01, 0xc0, 0x03, 0x80, 0x00, 0x07,
  0x00, 0x13, 0x00, 0x17, 0x00, 0x1b, 0x00, 0x1f, 0x00, 0x23, 0x00, 0x27,
  0x00, 0x00, 0x01, 0x35, 0x23, 0x15, 0x23, 0x15, 0x33, 0x35, 0x01, 0x11,
  0x33, 0x11, 0x21, 0x11, 0x33, 0x11, 0x23, 0x15, 0x21, 0x35, 0x31, 0x33,
  0x35, 0x23, 0x05, 0x35, 0x23, 0x15, 0x27, 0x33, 0x35, 0x23, 0x27, 0x23,
  0x15, 0x33, 0x35, 0x33, 0x35, 0x23, 0x01, 0xc0, 0x40, 0x80, 0x80, 0xfe,
  0xc0, 0x40, 0x01, 0x00, 0x40, 0x40, 0xff, 0x00, 0x40, 0x40, 0x01, 0x00,
  0x40, 0x80, 0x80, 0x80, 0x40, 0x40, 0x40, 0x80, 0x80, 0x03, 0x40, 0x40,
  0x40, 0x40, 0x40, 0xfe, 0x80, 0xfe, 0x40, 0x01, 0x00, 0xff, 0x00, 0x01,
  0xc0, 0x80, 0x80, 0x80, 0x80, 0x80, 0x80, 0x80, 0x40, 0xc0, 0x40, 0x40,
  0x40, 0x00, 0x00, 0x06, 0x00, 0x40, 0x00, 0x00, 0x01, 0xc0, 0x03, 0x80,
  0x00, 0x0b, 0x00, 0x0f, 0x00, 0x13, 0x00, 0x17, 0x00, 0x1b, 0x00, 0x1f,
  0x00, 0x00, 0x13, 0x11, 0x33, 0x11, 0x21, 0x11, 0x33, 0x11, 0x23, 0x15,
  0x21, 0x35, 0x31, 0x33, 0x35, 0x23, 0x05, 0x35, 0x23, 0x15, 0x27, 0x33,
  0x35, 0x23, 0x03, 0x15, 0x33, 0x35, 0x33, 0x15, 0x33, 0x35, 0x40, 0x40,
  0x01, 0x00, 0x40, 0x40, 0xff, 0x00, 0x40, 0x40, 0x01, 0x00, 0x40, 0x80,
  0x80, 0x80, 0x40, 0x40, 0x80, 0x40, 0x01, 0xc0, 0xfe, 0x40, 0x01, 0x00,
  0xff, 0x00, 0x01, 0xc0, 0x80, 0x80, 0x80, 0x80, 0x80, 0x80, 0x80, 0x40,
  0x01, 0x00, 0x80, 0x80, 0x80, 0x80, 0x00, 0x07, 0x00, 0x40, 0x00, 0x00,
  0x01, 0xc0, 0x03, 0x80, 0x00, 0x07, 0x00, 0x13, 0x00, 0x17, 0x00, 0x1b,
  0x00, 0x1f, 0x00, 0x23, 0x00, 0x27, 0x00, 0x00, 0x01, 0x35, 0x23, 0x15,
  0x23, 0x15, 0x33, 0x35, 0x01, 0x11, 0x33, 0x11, 0x21, 0x11, 0x33, 0x11,
  0x23, 0x15, 0x21, 0x35, 0x31, 0x33, 0x35, 0x23, 0x05, 0x35, 0x23, 0x15,
  0x27, 0x33, 0x35, 0x23, 0x3d, 0x01, 0x23, 0x15, 0x37, 0x33, 0x35, 0x23,
  0x01, 0x80, 0x40, 0x80, 0x80, 0xff, 0x00, 0x40, 0x01, 0x00, 0x40, 0x40,
  0xff, 0x00, 0x40, 0x40, 0x01, 0x00, 0x40, 0x80, 0x80, 0x80, 0x40, 0x40,
  0x80, 0x80, 0x03, 0x00, 0x40, 0x40, 0x40, 0x40, 0xfe, 0xc0, 0xfe, 0x40,
  0x01, 0x00, 0xff, 0x00, 0x01, 0xc0, 0x80, 0x80, 0x80, 0x80, 0x80, 0x80,
  0x80, 0x40, 0x80, 0x40, 0x40, 0x40, 0x40, 0x00, 0x00, 0x02, 0x00, 0x40,
  0x00, 0x00, 0x02, 0x00, 0x02, 0x80, 0x00, 0x13, 0x00, 0x19, 0x00, 0x00,
  0x21, 0x35, 0x23, 0x11, 0x33, 0x35, 0x23, 0x35, 0x33, 0x35, 0x21, 0x15,
  0x23, 0x15, 0x23, 0x11, 0x33, 0x11, 0x33, 0x11, 0x03, 0x35, 0x33, 0x35,
  0x33, 0x15, 0x02, 0x00, 0xc0, 0xc0, 0xc0, 0xc0, 0xfe, 0xc0, 0x40, 0x40,
  0x40, 0x80, 0x80, 0x40, 0x40, 0x40, 0x01, 0x00, 0x40, 0xc0, 0x40, 0x40,
  0x40, 0xfe, 0x00, 0x01, 0x40, 0xfe, 0xc0, 0x01, 0x80, 0x80, 0x40, 0xc0,
  0x00, 0x06, 0x00, 0x40, 0xff, 0x80, 0x01, 0xc0, 0x02, 0x80, 0x00, 0x03,
  0x00, 0x0b, 0x00, 0x0f, 0x00, 0x13, 0x00, 0x17, 0x00, 0x1b, 0x00, 0x00,
  0x05, 0x23, 0x15, 0x33, 0x35, 0x33, 0x35, 0x33, 0x35, 0x21, 0x15, 0x33,
  0x27, 0x11, 0x23, 0x11, 0x21, 0x33, 0x35, 0x23, 0x11, 0x15, 0x33, 0x35,
  0x29, 0x01, 0x35, 0x21, 0x01, 0x00, 0x80, 0x80, 0x40, 0x40, 0xff, 0x00,
  0x80, 0x80, 0x40, 0x01, 0x40, 0x40, 0x40, 0x40, 0xfe, 0xc0, 0x01, 0x00,
  0xff, 0x00, 0x40, 0x40, 0x40, 0x40, 0x40, 0x40, 0x40, 0x02, 0x00, 0xfe,
  0x00, 0x80, 0x01, 0x80, 0x80, 0x80, 0x40, 0x00, 0x00, 0x03, 0x00, 0x40,
  0x00, 0x00, 0x01, 0xc0, 0x03, 0x80, 0x00, 0x0b, 0x00, 0x0f, 0x00, 0x13,
  0x00, 0x00, 0x21, 0x35, 0x21, 0x11, 0x21, 0x35, 0x21, 0x35, 0x21, 0x35,
  0x21, 0x11, 0x01, 0x35, 0x23, 0x15, 0x3d, 0x01, 0x23, 0x15, 0x01, 0xc0,
  0xfe, 0xc0, 0x01, 0x00, 0xff, 0x00, 0x01, 0x40, 0xfe, 0x80, 0x01, 0x40,
  0x80, 0x80, 0x40, 0x01, 0x00, 0x40, 0xc0, 0x40, 0xfd, 0x80, 0x03, 0x00,
  0x40, 0x40, 0x40, 0x40, 0x40, 0x00, 0x00, 0x02, 0x00, 0x40, 0x00, 0x00,
  0x01, 0xc0, 0x03, 0x80, 0x00, 0x0b, 0x00, 0x13, 0x00, 0x00, 0x21, 0x35,
  0x21, 0x11, 0x21, 0x35, 0x21, 0x35, 0x21, 0x35, 0x21, 0x11, 0x01, 0x35,
  0x23, 0x15, 0x23, 0x15, 0x33, 0x35, 0x01, 0xc0, 0xfe, 0xc0, 0x01, 0x00,
  0xff, 0x00, 0x01, 0x40, 0xfe, 0x80, 0x01, 0x40, 0x80, 0x80, 0x80, 0x40,
  0x01, 0x00, 0x40, 0xc0, 0x40, 0xfd, 0x80, 0x03, 0x40, 0x40, 0x40, 0x40,
  0x40, 0x00, 0x00, 0x04, 0x00, 0x40, 0x00, 0x00, 0x01, 0xc0, 0x03, 0x80,
  0x00, 0x0b, 0x00, 0x0f, 0x00, 0x13, 0x00, 0x17, 0x00, 0x00, 0x21, 0x35,
  0x21, 0x11, 0x21, 0x35, 0x21, 0x35, 0x21, 0x35, 0x21, 0x11, 0x01, 0x35,
  0x23, 0x15, 0x27, 0x23, 0x15, 0x33, 0x35, 0x33, 0x35, 0x23, 0x01, 0xc0,
  0xfe, 0xc0, 0x01, 0x00, 0xff, 0x00, 0x01, 0x40, 0xfe, 0x80, 0x01, 0x40,
  0x40, 0x80, 0x40, 0x40, 0x80, 0x80, 0x40, 0x01, 0x00, 0x40, 0xc0, 0x40,
  0xfd, 0x80, 0x03, 0x00, 0x40, 0x40, 0x40, 0x40, 0x40, 0x40, 0x00, 0x03,
  0x00, 0x40, 0x00, 0x00, 0x01, 0xc0, 0x03, 0x80, 0x00, 0x0b, 0x00, 0x0f,
  0x00, 0x13, 0x00, 0x00, 0x21, 0x35, 0x21, 0x11, 0x21, 0x35, 0x21, 0x35,
  0x21, 0x35, 0x21, 0x11, 0x13, 0x15, 0x33, 0x35, 0x33, 0x15, 0x33, 0x35,
  0x01, 0xc0, 0xfe, 0xc0, 0x01, 0x00, 0xff, 0x00, 0x01, 0x40, 0xfe, 0x80,
  0x40, 0x40, 0x80, 0x40, 0x40, 0x01, 0x00, 0x40, 0xc0, 0x40, 0xfd, 0x80,
  0x03, 0x80, 0x80, 0x80, 0x80, 0x80, 0x00, 0x03, 0x00, 0x80, 0x00, 0x00,
  0x01, 0xc0, 0x03, 0x80, 0x00, 0x0b, 0x00, 0x0f, 0x00, 0x13, 0x00, 0x00,
  0x21, 0x35, 0x23, 0x11, 0x33, 0x35, 0x21, 0x15, 0x33, 0x11, 0x23, 0x15,
  0x01, 0x35, 0x23, 0x15, 0x3d, 0x01, 0x23, 0x15, 0x01, 0xc0, 0x80, 0x80,
  0xfe, 0xc0, 0x80, 0x80, 0x01, 0x40, 0x80, 0x80, 0x40, 0x02, 0x00, 0x40,
  0x40, 0xfe, 0x00, 0x40, 0x03, 0x00, 0x40, 0x40, 0x40, 0x40, 0x40, 0x00,
  0x00, 0x02, 0x00, 0x80, 0x00, 0x00, 0x01, 0xc0, 0x03, 0x80, 0x00, 0x0b,
  0x00, 0x13, 0x00, 0x00, 0x21, 0x35, 0x23, 0x11, 0x33, 0x35, 0x21, 0x15,
  0x33, 0x11, 0x23, 0x15, 0x01, 0x35, 0x23, 0x15, 0x23, 0x15, 0x33, 0x35,
  0x01, 0xc0, 0x80, 0x80, 0xfe, 0xc0, 0x80, 0x80, 0x01, 0x00, 0x80, 0x80,
  0x80, 0x40, 0x02, 0x00, 0x40, 0x40, 0xfe, 0x00, 0x40, 0x03, 0x40, 0x40,
  0x40, 0x40, 0x40, 0x00, 0x00, 0x04, 0x00, 0x80, 0x00, 0x00, 0x01, 0xc0,
  0x03, 0x80, 0x00, 0x0b, 0x00, 0x0f, 0x00, 0x13, 0x00, 0x17, 0x00, 0x00,
  0x21, 0x35, 0x23, 0x11, 0x33, 0x35, 0x21, 0x15, 0x33, 0x11, 0x23, 0x15,
  0x01, 0x35, 0x23, 0x15, 0x27, 0x23, 0x15, 0x33, 0x35, 0x33, 0x35, 0x23,
  0x01, 0xc0, 0x80, 0x80, 0xfe, 0xc0, 0x80, 0x80, 0x01, 0x00, 0x40, 0x80,
  0x40, 0x40, 0x80, 0x80, 0x40, 0x02, 0x00, 0x40, 0x40, 0xfe, 0x00, 0x40,
  0x03, 0x00, 0x40, 0x40, 0x40, 0x40, 0x40, 0x40, 0x00, 0x03, 0x00, 0x80,
  0x00, 0x00, 0x01, 0xc0, 0x03, 0x80, 0x00, 0x0b, 0x00, 0x0f, 0x00, 0x13,
  0x00, 0x00, 0x21, 0x35, 0x23, 0x11, 0x33, 0x35, 0x21, 0x15, 0x33, 0x11,
  0x23, 0x15, 0x11, 0x15, 0x33, 0x35, 0x33, 0x15, 0x33, 0x35, 0x01, 0xc0,
  0x80, 0x80, 0xfe, 0xc0, 0x80, 0x80, 0x40, 0x80, 0x40, 0x40, 0x02, 0x00,
  0x40, 0x40, 0xfe, 0x00, 0x40, 0x03, 0x80, 0x80, 0x80, 0x80, 0x80, 0x00,
  0x00, 0x02, 0x00, 0x00, 0x00, 0x00, 0x01, 0xc0, 0x02, 0x80, 0x00, 0x0b,
  0x00, 0x1b, 0x00, 0x00, 0x01, 0x35, 0x23, 0x35, 0x33, 0x15, 0x33, 0x11,
  0x23, 0x15, 0x23, 0x11, 0x23, 0x11, 0x21, 0x35, 0x33, 0x35, 0x33, 0x11,
  0x23, 0x35, 0x23, 0x35, 0x21, 0x11, 0x23, 0x15, 0x01, 0x00, 0x80, 0xc0,
  0x40, 0x40, 0xc0, 0x40, 0x01, 0x00, 0x40, 0x40, 0x40, 0x40, 0xff, 0x00,
  0x40, 0x01, 0x40, 0x40, 0xc0, 0x40, 0xfe, 0x80, 0x40, 0x01, 0x00, 0xfe,
  0xc0, 0x40, 0x40, 0x01, 0x80, 0x40, 0x40, 0xff, 0x00, 0x40, 0x00, 0x04,
  0x00, 0x40, 0x00, 0x00, 0x01, 0xc0, 0x03, 0x80, 0x00, 0x07, 0x00, 0x1f,
  0x00, 0x23, 0x00, 0x27, 0x00, 0x00, 0x01, 0x35, 0x23, 0x15, 0x23, 0x15,
  0x33, 0x35, 0x05, 0x11, 0x33, 0x11, 0x33, 0x15, 0x33, 0x15, 0x33, 0x15,
  0x33, 0x15, 0x33, 0x11, 0x23, 0x11, 0x23, 0x35, 0x23, 0x35, 0x23, 0x35,
  0x23, 0x3d, 0x01, 0x23, 0x15, 0x33, 0x35, 0x33, 0x35, 0x23, 0x01, 0xc0,
  0x40, 0x80, 0x80, 0xfe, 0xc0, 0x40, 0x40, 0x40, 0x40, 0x40, 0x40, 0x40,
  0x40, 0x40, 0x40, 0x40, 0x40, 0x40, 0x80, 0x80, 0x03, 0x40, 0x40, 0x40,
  0x40, 0x40, 0xc0, 0xfd, 0x80, 0x01, 0xc0, 0x80, 0x80, 0x80, 0x40, 0x02,
  0x80, 0xfe, 0x40, 0x80, 0x80, 0x80, 0x40, 0xc0, 0x40, 0x40, 0x40, 0x00,
  0x00, 0x06, 0x00, 0x40, 0x00, 0x00, 0x01, 0xc0, 0x03, 0x80, 0x00, 0x03,
  0x00, 0x07, 0x00, 0x0b, 0x00, 0x0f, 0x00, 0x13, 0x00, 0x17, 0x00, 0x00,
  0x01, 0x35, 0x23, 0x15, 0x03, 0x15, 0x21, 0x35, 0x21, 0x11, 0x23, 0x11,
  0x21, 0x33, 0x11, 0x23, 0x29, 0x01, 0x35, 0x21, 0x37, 0x35, 0x23, 0x15,
  0x01, 0x80, 0x80, 0x80, 0x01, 0x00, 0xff, 0x00, 0x40, 0x01, 0x40, 0x40,
  0x40, 0xff, 0x00, 0x01, 0x00, 0xff, 0x00, 0x80, 0x80, 0x03, 0x00, 0x40,
  0x40, 0xfd, 0x40, 0x40, 0x40, 0x02, 0x00, 0xfe, 0x00, 0x02, 0x00, 0x40,
  0xc0, 0x40, 0x40, 0x00, 0x00, 0x05, 0x00, 0x40, 0x00, 0x00, 0x01, 0xc0,
  0x03, 0x80, 0x00, 0x07, 0x00, 0x0b, 0x00, 0x0f, 0x00, 0x13, 0x00, 0x17,
  0x00, 0x00, 0x01, 0x35, 0x23, 0x15, 0x23, 0x15, 0x33, 0x35, 0x03, 0x15,
  0x21, 0x35, 0x21, 0x11, 0x23, 0x11, 0x21, 0x33, 0x11, 0x23, 0x29, 0x01,
  0x35, 0x21, 0x01, 0x80, 0x80, 0x80, 0x80, 0x80, 0x01, 0x00, 0xff, 0x00,
  0x40, 0x01, 0x40, 0x40, 0x40, 0xff, 0x00, 0x01, 0x00, 0xff, 0x00, 0x03,
  0x40, 0x40, 0x40, 0x40, 0x40, 0xfd, 0x00, 0x40, 0x40, 0x02, 0x00, 0xfe,
  0x00, 0x02, 0x00, 0x40, 0x00, 0x07, 0x00, 0x40, 0x00, 0x00, 0x01, 0xc0,
  0x03, 0x80, 0x00, 0x03, 0x00, 0x07, 0x00, 0x0b, 0x00, 0x0f, 0x00, 0x13,
  0x00, 0x17, 0x00, 0x1b, 0x00, 0x00, 0x01, 0x35, 0x23, 0x15, 0x03, 0x15,
  0x21, 0x35, 0x21, 0x11, 0x23, 0x11, 0x21, 0x33, 0x11, 0x23, 0x29, 0x01,
  0x35, 0x21, 0x37, 0x23, 0x15, 0x33, 0x35, 0x33, 0x35, 0x23, 0x01, 0x80,
  0x40, 0xc0, 0x01, 0x00, 0xff, 0x00, 0x40, 0x01, 0x40, 0x40, 0x40, 0xff,
  0x00, 0x01, 0x00, 0xff, 0x00, 0x40, 0x40, 0x40, 0x80, 0x80, 0x03, 0x00,
  0x40, 0x40, 0xfd, 0x40, 0x40, 0x40, 0x02, 0x00, 0xfe, 0x00, 0x02, 0x00,
  0x40, 0xc0, 0x40, 0x40, 0x40, 0x00, 0x00, 0x07, 0x00, 0x40, 0x00, 0x00,
  0x01, 0xc0, 0x03, 0x80, 0x00, 0x07, 0x00, 0x0b, 0x00, 0x0f, 0x00, 0x13,
  0x00, 0x17, 0x00, 0x1b, 0x00, 0x1f, 0x00, 0x00, 0x01, 0x35, 0x23, 0x15,
  0x23, 0x15, 0x33, 0x35, 0x01, 0x15, 0x21, 0x35, 0x21, 0x11, 0x23, 0x11,
  0x21, 0x33, 0x11, 0x23, 0x29, 0x01, 0x35, 0x21, 0x35, 0x23, 0x15, 0x33,
  0x35, 0x33, 0x35, 0x23, 0x01, 0xc0, 0x40, 0x80, 0x80, 0xff, 0x00, 0x01,
  0x00, 0xff, 0x00, 0x40, 0x01, 0x40, 0x40, 0x40, 0xff, 0x00, 0x01, 0x00,
  0xff, 0x00, 0x40, 0x40, 0x80, 0x80, 0x03, 0x40, 0x40, 0x40, 0x40, 0x40,
  0xfd, 0x00, 0x40, 0x40, 0x02, 0x00, 0xfe, 0x00, 0x02, 0x00, 0x40, 0xc0,
  0x40, 0x40, 0x40, 0x00, 0x00, 0x06, 0x00, 0x40, 0x00, 0x00, 0x01, 0xc0,
  0x03, 0x80, 0x00, 0x03, 0x00, 0x07, 0x00, 0x0b, 0x00, 0x0f, 0x00, 0x13,
  0x00, 0x17, 0x00, 0x00, 0x37, 0x15, 0x21, 0x35, 0x21, 0x11, 0x23, 0x11,
  0x21, 0x33, 0x11, 0x23, 0x29, 0x01, 0x35, 0x21, 0x11, 0x15, 0x33, 0x35,
  0x33, 0x15, 0x33, 0x35, 0x80, 0x01, 0x00, 0xff, 0x00, 0x40, 0x01, 0x40,
  0x40, 0x40, 0xff, 0x00, 0x01, 0x00, 0xff, 0x00, 0x40, 0x80, 0x40, 0x40,
  0x40, 0x40, 0x02, 0x00, 0xfe, 0x00, 0x02, 0x00, 0x40, 0x01, 0x00, 0x80,
  0x80, 0x80, 0x80, 0x00, 0x00, 0x04, 0x00, 0x40, 0x00, 0x80, 0x01, 0xc0,
  0x01, 0xc0, 0x00, 0x03, 0x00, 0x1b, 0x00, 0x1f, 0x00, 0x23, 0x00, 0x00,
  0x25, 0x35, 0x23, 0x15, 0x13, 0x35, 0x23, 0x15, 0x23, 0x15, 0x23, 0x15,
  0x23, 0x15, 0x23, 0x15, 0x33, 0x35, 0x33, 0x35, 0x33, 0x15, 0x33, 0x35,
  0x23, 0x35, 0x33, 0x35, 0x07, 0x35, 0x23, 0x15, 0x3d, 0x01, 0x23, 0x15,
  0x01, 0xc0, 0x40, 0x40, 0x40, 0x40, 0x80, 0x40, 0x40, 0x40, 0x40, 0x80,
  0x40, 0x40, 0x40, 0xc0, 0x40, 0x40, 0x80, 0x40, 0x40, 0x01, 0x00, 0x40,
  0x40, 0x40, 0x40, 0x40, 0x40, 0x40, 0x40, 0x40, 0x40, 0x40, 0x40, 0x40,
  0x40, 0x40, 0x40, 0x40, 0x40, 0x00, 0x00, 0x05, 0x00, 0x40, 0xff, 0xc0,
  0x01, 0xc0, 0x02, 0xc0, 0x00, 0x03, 0x00, 0x0f, 0x00, 0x1f, 0x00, 0x23,
  0x00, 0x27, 0x00, 0x00, 0x37, 0x15, 0x33, 0x35, 0x31, 0x33, 0x15, 0x33,
  0x35, 0x23, 0x35, 0x23, 0x11, 0x23, 0x11, 0x33, 0x05, 0x33, 0x11, 0x23,
  0x35, 0x23, 0x15, 0x23, 0x15, 0x23, 0x15, 0x33, 0x35, 0x33, 0x35, 0x33,
  0x25, 0x33, 0x35, 0x23, 0x05, 0x33, 0x35, 0x23, 0x40, 0x40, 0x40, 0xc0,
  0xc0, 0x40, 0x40, 0x40, 0x01, 0x00, 0x40, 0x40, 0x40, 0x40, 0x40, 0x40,
  0x40, 0x40, 0xff, 0x00, 0xc0, 0xc0, 0x01, 0x00, 0x40, 0x40, 0x40, 0x80,
  0x80, 0x40, 0x40, 0x80, 0x01, 0x80, 0xfe, 0x40, 0x40, 0x01, 0xc0, 0x40,
  0x80, 0x80, 0x80, 0x80, 0x80, 0x80, 0x40, 0x40, 0x80, 0x00, 0x00, 0x05,
  0x00, 0x40, 0x00, 0x00, 0x01, 0xc0, 0x03, 0x80, 0x00, 0x03, 0x00, 0x07,
  0x00, 0x0b, 0x00, 0x0f, 0x00, 0x13, 0x00, 0x00, 0x01, 0x35, 0x23, 0x15,
  0x03, 0x15, 0x21, 0x35, 0x21, 0x11, 0x23, 0x11, 0x21, 0x33, 0x11, 0x23,
  0x27, 0x35, 0x23, 0x15, 0x01, 0x80, 0x80, 0x80, 0x01, 0x00, 0xff, 0x00,
  0x40, 0x01, 0x40, 0x40, 0x40, 0x80, 0x80, 0x03, 0x00, 0x40, 0x40, 0xfd,
  0x40, 0x40, 0x40, 0x02, 0x40, 0xfd, 0xc0, 0x02, 0x40, 0xc0, 0x40, 0x40,
  0x00, 0x04, 0x00, 0x40, 0x00, 0x00, 0x01, 0xc0, 0x03, 0x80, 0x00, 0x07,
  0x00, 0x0b, 0x00, 0x0f, 0x00, 0x13, 0x00, 0x00, 0x01, 0x35, 0x23, 0x15,
  0x23, 0x15, 0x33, 0x35, 0x03, 0x15, 0x21, 0x35, 0x21, 0x11, 0x23, 0x11,
  0x21, 0x33, 0x11, 0x23, 0x01, 0x80, 0x80, 0x80, 0x80, 0x80, 0x01, 0x00,
  0xff, 0x00, 0x40, 0x01, 0x40, 0x40, 0x40, 0x03, 0x40, 0x40, 0x40, 0x40,
  0x40, 0xfd, 0x00, 0x40, 0x40, 0x02, 0x40, 0xfd, 0xc0, 0x02, 0x40, 0x00,
  0x00, 0x06, 0x00, 0x40, 0x00, 0x00, 0x01, 0xc0, 0x03, 0x80, 0x00, 0x03,
  0x00, 0x07, 0x00, 0x0b, 0x00, 0x0f, 0x00, 0x13, 0x00, 0x17, 0x00, 0x00,
  0x01, 0x35, 0x23, 0x15, 0x03, 0x15, 0x21, 0x35, 0x21, 0x11, 0x23, 0x11,
  0x21, 0x33, 0x11, 0x23, 0x27, 0x23, 0x15, 0x33, 0x35, 0x33, 0x35, 0x23,
  0x01, 0x80, 0x40, 0xc0, 0x01, 0x00, 0xff, 0x00, 0x40, 0x01, 0x40, 0x40,
  0x40, 0xc0, 0x40, 0x40, 0x80, 0x80, 0x03, 0x00, 0x40, 0x40, 0xfd, 0x40,
  0x40, 0x40, 0x02, 0x40, 0xfd, 0xc0, 0x02, 0x40, 0xc0, 0x40, 0x40, 0x40,
  0x00, 0x05, 0x00, 0x40, 0x00, 0x00, 0x01, 0xc0, 0x03, 0x80, 0x00, 0x03,
  0x00, 0x07, 0x00, 0x0b, 0x00, 0x0f, 0x00, 0x13, 0x00, 0x00, 0x37, 0x15,
  0x21, 0x35, 0x21, 0x11, 0x23, 0x11, 0x21, 0x33, 0x11, 0x23, 0x01, 0x15,
  0x33, 0x35, 0x33, 0x15, 0x33, 0x35, 0x80, 0x01, 0x00, 0xff, 0x00, 0x40,
  0x01, 0x40, 0x40, 0x40, 0xff, 0x00, 0x40, 0x80, 0x40, 0x40, 0x40, 0x40,
  0x02, 0x40, 0xfd, 0xc0, 0x02, 0x40, 0x01, 0x00, 0x80, 0x80, 0x80, 0x80,
  0x00, 0x08, 0x00, 0x40, 0x00, 0x00, 0x02, 0x00, 0x03, 0x80, 0x00, 0x07,
  0x00, 0x0b, 0x00, 0x0f, 0x00, 0x13, 0x00, 0x17, 0x00, 0x1b, 0x00, 0x1f,
  0x00, 0x23, 0x00, 0x00, 0x01, 0x35, 0x23, 0x15, 0x23, 0x15, 0x33, 0x35,
  0x19, 0x01, 0x33, 0x11, 0x23, 0x35, 0x23, 0x15, 0x3b, 0x01, 0x35, 0x2b,
  0x01, 0x35, 0x23, 0x15, 0x21, 0x33, 0x35, 0x23, 0x21, 0x35, 0x23, 0x15,
  0x21, 0x33, 0x35, 0x23, 0x01, 0x80, 0x80, 0x80, 0x80, 0x40, 0x40, 0x40,
  0x80, 0x40, 0x40, 0x80, 0x40, 0x01, 0x00, 0x40, 0x40, 0xff, 0x00, 0x40,
  0x01, 0x80, 0x40, 0x40, 0x03, 0x40, 0x40, 0x40, 0x40, 0x40, 0xfe, 0x00,
  0xfe, 0xc0, 0x01, 0x40, 0x40, 0x40, 0x40, 0x80, 0x80, 0x80, 0x80, 0x80,
  0x80, 0x00, 0x00, 0x01, 0x00, 0x40, 0x00, 0x00, 0x01, 0xc0, 0x02, 0xc0,
  0x00, 0x17, 0x00, 0x00, 0x13, 0x11, 0x33, 0x35, 0x33, 0x35, 0x23, 0x11,
  0x33, 0x15, 0x33, 0x15, 0x23, 0x15, 0x33, 0x35, 0x33, 0x35, 0x23, 0x35,
  0x23, 0x35, 0x23, 0x35, 0x40, 0x40, 0xc0, 0xc0, 0xc0, 0x40, 0x40, 0x40,
  0x40, 0x40, 0x40, 0xc0, 0x02, 0xc0, 0xfd, 0x40, 0xc0, 0x40, 0x01, 0x00,
  0x40, 0x80, 0x40, 0x40, 0x80, 0x40, 0x40, 0x80, 0x00, 0x08, 0x00, 0x40,
  0x00, 0x00, 0x01, 0xc0, 0x02, 0x80, 0x00, 0x03, 0x00, 0x07, 0x00, 0x0b,
  0x00, 0x0f, 0x00, 0x13, 0x00, 0x19, 0x00, 0x1d, 0x00, 0x21, 0x00, 0x00,
  0x13, 0x11, 0x33, 0x11, 0x13, 0x15, 0x33, 0x35, 0x23, 0x35, 0x23, 0x15,
  0x3b, 0x01, 0x35, 0x23, 0x31, 0x35, 0x23, 0x15, 0x3d, 0x01, 0x23, 0x15,
  0x23, 0x15, 0x37, 0x33, 0x35, 0x2b, 0x01, 0x33, 0x35, 0x23, 0x40, 0x40,
  0x80, 0x80, 0x80, 0x40, 0xc0, 0x40, 0x40, 0x40, 0x40, 0x40, 0x80, 0x40,
  0x40, 0xc0, 0xc0, 0xc0, 0x02, 0x40, 0xfd, 0xc0, 0x02, 0x40, 0xfe, 0x00,
  0x40, 0x40, 0x40, 0x40, 0xc0, 0x40, 0x40, 0x40, 0x80, 0x40, 0x40, 0x80,
  0x80, 0x40, 0x00, 0x07, 0x00, 0x40, 0x00, 0x00, 0x01, 0xc0, 0x03, 0x00,
  0x00, 0x03, 0x00, 0x07, 0x00, 0x0b, 0x00, 0x17, 0x00, 0x1b, 0x00, 0x1f,
  0x00, 0x23, 0x00, 0x00, 0x01, 0x35, 0x23, 0x15, 0x03, 0x15, 0x33, 0x35,
  0x23, 0x35, 0x23, 0x15, 0x21, 0x15, 0x33, 0x11, 0x23, 0x15, 0x21, 0x15,
  0x21, 0x15, 0x23, 0x15, 0x03, 0x23, 0x15, 0x33, 0x35, 0x21, 0x35, 0x21,
  0x37, 0x35, 0x23, 0x15, 0x01, 0x80, 0x80, 0x80, 0xc0, 0xc0, 0x40, 0x01,
  0x40, 0x40, 0x40, 0xff, 0x00, 0x01, 0x00, 0x40, 0xc0, 0x40, 0x40, 0x01,
  0x00, 0xff, 0x00, 0x80, 0x80, 0x02, 0x80, 0x40, 0x40, 0xfd, 0xc0, 0x40,
  0x40, 0xc0, 0xc0, 0x40, 0x01, 0xc0, 0x80, 0x40, 0x80, 0x40, 0x01, 0x80,
  0x40, 0x40, 0x40, 0xc0, 0x40, 0x40, 0x00, 0x06, 0x00, 0x40, 0x00, 0x00,
  0x01, 0xc0, 0x03, 0x00, 0x00, 0x07, 0x00, 0x0b, 0x00, 0x0f, 0x00, 0x1b,
  0x00, 0x1f, 0x00, 0x23, 0x00, 0x00, 0x01, 0x35, 0x23, 0x15, 0x23, 0x15,
  0x33, 0x35, 0x03, 0x15, 0x33, 0x35, 0x23, 0x35, 0x23, 0x15, 0x21, 0x15,
  0x33, 0x11, 0x23, 0x15, 0x21, 0x15, 0x21, 0x15, 0x23, 0x15, 0x03, 0x23,
  0x15, 0x33, 0x35, 0x21, 0x35, 0x21, 0x01, 0x80, 0x80, 0x80, 0x80, 0x80,
  0xc0, 0xc0, 0x40, 0x01, 0x40, 0x40, 0x40, 0xff, 0x00, 0x01, 0x00, 0x40,
  0xc0, 0x40, 0x40, 0x01, 0x00, 0xff, 0x00, 0x02, 0xc0, 0x40, 0x40, 0x40,
  0x40, 0xfd, 0x80, 0x40, 0x40, 0xc0, 0xc0, 0x40, 0x01, 0xc0, 0x80, 0x40,
  0x80, 0x40, 0x01, 0x80, 0x40, 0x40, 0x40, 0x00, 0x00, 0x08, 0x00, 0x40,
  0x00, 0x00, 0x01, 0xc0, 0x03, 0x00, 0x00, 0x03, 0x00, 0x07, 0x00, 0x0b,
  0x00, 0x17, 0x00, 0x1b, 0x00, 0x1f, 0x00, 0x23, 0x00, 0x27, 0x00, 0x00,
  0x01, 0x35, 0x23, 0x15, 0x03, 0x15, 0x33, 0x35, 0x23, 0x35, 0x23, 0x15,
  0x21, 0x15, 0x33, 0x11, 0x23, 0x15, 0x21, 0x15, 0x21, 0x15, 0x23, 0x15,
  0x03, 0x23, 0x15, 0x33, 0x35, 0x21, 0x35, 0x21, 0x37, 0x23, 0x15, 0x33,
  0x35, 0x33, 0x35, 0x23, 0x01, 0x80, 0x40, 0xc0, 0xc0, 0xc0, 0x40, 0x01,
  0x40, 0x40, 0x40, 0xff, 0x00, 0x01, 0x00, 0x40, 0xc0, 0x40, 0x40, 0x01,
  0x00, 0xff, 0x00, 0x40, 0x40, 0x40, 0x80, 0x80, 0x02, 0x80, 0x40, 0x40,
  0xfd, 0xc0, 0x40, 0x40, 0xc0, 0xc0, 0x40, 0x01, 0xc0, 0x80, 0x40, 0x80,
  0x40, 0x01, 0x80, 0x40, 0x40, 0x40, 0xc0, 0x40, 0x40, 0x40, 0x00, 0x08,
  0x00, 0x40, 0x00, 0x00, 0x01, 0xc0, 0x03, 0x00, 0x00, 0x07, 0x00, 0x0b,
  0x00, 0x0f, 0x00, 0x1b, 0x00, 0x1f, 0x00, 0x23, 0x00, 0x27, 0x00, 0x2b,
  0x00, 0x00, 0x01, 0x35, 0x23, 0x15, 0x23, 0x15, 0x33, 0x35, 0x01, 0x15,
  0x33, 0x35, 0x23, 0x35, 0x23, 0x15, 0x21, 0x15, 0x33, 0x11, 0x23, 0x15,
  0x21, 0x15, 0x21, 0x15, 0x23, 0x15, 0x03, 0x23, 0x15, 0x33, 0x35, 0x21,
  0x35, 0x21, 0x35, 0x23, 0x15, 0x33, 0x35, 0x33, 0x35, 0x23, 0x01, 0xc0,
  0x40, 0x80, 0x80, 0xff, 0x00, 0xc0, 0xc0, 0x40, 0x01, 0x40, 0x40, 0x40,
  0xff, 0x00, 0x01, 0x00, 0x40, 0xc0, 0x40, 0x40, 0x01, 0x00, 0xff, 0x00,
  0x40, 0x40, 0x80, 0x80, 0x02, 0xc0, 0x40, 0x40, 0x40, 0x40, 0xfd, 0x80,
  0x40, 0x40, 0xc0, 0xc0, 0x40, 0x01, 0xc0, 0x80, 0x40, 0x80, 0x40, 0x01,
  0x80, 0x40, 0x40, 0x40, 0xc0, 0x40, 0x40, 0x40, 0x00, 0x07, 0x00, 0x40,
  0x00, 0x00, 0x01, 0xc0, 0x03, 0x00, 0x00, 0x03, 0x00, 0x07, 0x00, 0x13,
  0x00, 0x17, 0x00, 0x1b, 0x00, 0x1f, 0x00, 0x23, 0x00, 0x00, 0x37, 0x15,
  0x33, 0x35, 0x23, 0x35, 0x23, 0x15, 0x21, 0x15, 0x33, 0x11, 0x23, 0x15,
  0x21, 0x15, 0x21, 0x15, 0x23, 0x15, 0x03, 0x23, 0x15, 0x33, 0x35, 0x21,
  0x35, 0x21, 0x11, 0x15, 0x33, 0x35, 0x33, 0x15, 0x33, 0x35, 0x80, 0xc0,
  0xc0, 0x40, 0x01, 0x40, 0x40, 0x40, 0xff, 0x00, 0x01, 0x00, 0x40, 0xc0,
  0x40, 0x40, 0x01, 0x00, 0xff, 0x00, 0x40, 0x80, 0x40, 0x40, 0x40, 0x40,
  0xc0, 0xc0, 0x40, 0x01, 0xc0, 0x80, 0x40, 0x80, 0x40, 0x01, 0x80, 0x40,
  0x40, 0x40, 0x01, 0x00, 0x80, 0x80, 0x80, 0x80, 0x00, 0x08, 0x00, 0x40,
  0x00, 0x00, 0x01, 0xc0, 0x03, 0x40, 0x00, 0x07, 0x00, 0x0b, 0x00, 0x0f,
  0x00, 0x1b, 0x00, 0x1f, 0x00, 0x23, 0x00, 0x27, 0x00, 0x2b, 0x00, 0x00,
  0x01, 0x35, 0x23, 0x15, 0x23, 0x15, 0x33, 0x35, 0x03, 0x15, 0x33, 0x35,
  0x23, 0x35, 0x23, 0x15, 0x21, 0x15, 0x33, 0x11, 0x23, 0x15, 0x21, 0x15,
  0x21, 0x15, 0x23, 0x15, 0x03, 0x23, 0x15, 0x33, 0x35, 0x21, 0x35, 0x21,
  0x37, 0x35, 0x23, 0x15, 0x37, 0x33, 0x35, 0x23, 0x01, 0x80, 0x40, 0x80,
  0x80, 0xc0, 0xc0, 0xc0, 0x40, 0x01, 0x40, 0x40, 0x40, 0xff, 0x00, 0x01,
  0x00, 0x40, 0xc0, 0x40, 0x40, 0x01, 0x00, 0xff, 0x00, 0x40, 0x40, 0x40,
  0x80, 0x80, 0x02, 0xc0, 0x40, 0x40, 0x40, 0x40, 0xfd, 0x80, 0x40, 0x40,
  0xc0, 0xc0, 0x40, 0x01, 0xc0, 0x80, 0x40, 0x80, 0x40, 0x01, 0x80, 0x40,
  0x40, 0x40, 0xc0, 0x40, 0x40, 0x40, 0x40, 0x00, 0x00, 0x02, 0x00, 0x40,
  0x00, 0x00, 0x02, 0x00, 0x02, 0x00, 0x00, 0x1d, 0x00, 0x21, 0x00, 0x00,
  0x25, 0x35, 0x23, 0x15, 0x23, 0x35, 0x33, 0x35, 0x23, 0x15, 0x23, 0x35,
  0x33, 0x35, 0x21, 0x15, 0x23, 0x15, 0x33, 0x35, 0x33, 0x15, 0x23, 0x15,
  0x23, 0x15, 0x33, 0x15, 0x21, 0x35, 0x21, 0x35, 0x33, 0x15, 0x02, 0x00,
  0x40, 0x80, 0xc0, 0x40, 0x80, 0x80, 0xfe, 0xc0, 0x40, 0x40, 0x80, 0x80,
  0x40, 0x40, 0x01, 0x40, 0xfe, 0xc0, 0x80, 0x40, 0x40, 0x40, 0xc0, 0xc0,
  0x80, 0x80, 0x40, 0x40, 0x40, 0x40, 0x80, 0x40, 0xc0, 0x40, 0x40, 0xc0,
  0xc0, 0x00, 0x00, 0x04, 0x00, 0x40, 0xff, 0x80, 0x01, 0xc0, 0x02, 0x00,
  0x00, 0x0f, 0x00, 0x13, 0x00, 0x17, 0x00, 0x1b, 0x00, 0x00, 0x25, 0x35,
  0x23, 0x15, 0x21, 0x15, 0x33, 0x15, 0x23, 0x15, 0x33, 0x35, 0x33, 0x35,
  0x33, 0x35, 0x13, 0x35, 0x23, 0x15, 0x01, 0x11, 0x23, 0x11, 0x13, 0x21,
  0x35, 0x21, 0x01, 0xc0, 0x40, 0xff, 0x00, 0x80, 0x80, 0x80, 0x40, 0x40,
  0x40, 0x40, 0xff, 0x00, 0x40, 0x40, 0x01, 0x00, 0xff, 0x00, 0x40, 0x40,
  0x40, 0x40, 0x40, 0x40, 0x40, 0x40, 0x40, 0x01, 0x40, 0x40, 0x40, 0xfe,
  0xc0, 0x01, 0x80, 0xfe, 0x80, 0x01, 0x80, 0x40, 0x00, 0x05, 0x00, 0x40,
  0x00, 0x00, 0x01, 0xc0, 0x03, 0x00, 0x00, 0x07, 0x00, 0x0b, 0x00, 0x15,
  0x00, 0x19, 0x00, 0x1d, 0x00, 0x00, 0x25, 0x35, 0x23, 0x15, 0x21, 0x15,
  0x21, 0x35, 0x11, 0x35, 0x23, 0x15, 0x03, 0x35, 0x21, 0x35, 0x23, 0x15,
  0x21, 0x35, 0x23, 0x11, 0x13, 0x21, 0x35, 0x21, 0x37, 0x35, 0x23, 0x15,
  0x01, 0xc0, 0x40, 0xff, 0x00, 0x01, 0x00, 0x80, 0x80, 0x01, 0x40, 0x40,
  0xff, 0x00, 0x40, 0x40, 0x01, 0x00, 0xff, 0x00, 0x80, 0x80, 0x40, 0x40,
  0x40, 0x40, 0x40, 0x02, 0x40, 0x40, 0x40, 0xfd, 0xc0, 0xc0, 0xc0, 0x80,
  0x80, 0xfe, 0x80, 0x01, 0x80, 0x40, 0xc0, 0x40, 0x40, 0x00, 0x00, 0x04,
  0x00, 0x40, 0x00, 0x00, 0x01, 0xc0, 0x03, 0x00, 0x00, 0x07, 0x00, 0x0f,
  0x00, 0x19, 0x00, 0x1d, 0x00, 0x00, 0x25, 0x35, 0x23, 0x15, 0x21, 0x15,
  0x21, 0x35, 0x11, 0x35, 0x23, 0x15, 0x23, 0x15, 0x33, 0x35, 0x03, 0x35,
  0x21, 0x35, 0x23, 0x15, 0x21, 0x35, 0x23, 0x11, 0x13, 0x21, 0x35, 0x21,
  0x01, 0xc0, 0x40, 0xff, 0x00, 0x01, 0x00, 0x80, 0x80, 0x80, 0x80, 0x01,
  0x40, 0x40, 0xff, 0x00, 0x40, 0x40, 0x01, 0x00, 0xff, 0x00, 0x40, 0x40,
  0x40, 0x40, 0x40, 0x02, 0x80, 0x40, 0x40, 0x40, 0x40, 0xfd, 0x80, 0xc0,
  0xc0, 0x80, 0x80, 0xfe, 0x80, 0x01, 0x80, 0x40, 0x00, 0x06, 0x00, 0x40,
  0x00, 0x00, 0x01, 0xc0, 0x03, 0x00, 0x00, 0x07, 0x00, 0x0b, 0x00, 0x15,
  0x00, 0x19, 0x00, 0x1d, 0x00, 0x21, 0x00, 0x00, 0x25, 0x35, 0x23, 0x15,
  0x21, 0x15, 0x21, 0x35, 0x11, 0x35, 0x23, 0x15, 0x03, 0x35, 0x21, 0x35,
  0x23, 0x15, 0x21, 0x35, 0x23, 0x11, 0x13, 0x21, 0x35, 0x21, 0x37, 0x23,
  0x15, 0x33, 0x35, 0x33, 0x35, 0x23, 0x01, 0xc0, 0x40, 0xff, 0x00, 0x01,
  0x00, 0x40, 0xc0, 0x01, 0x40, 0x40, 0xff, 0x00, 0x40, 0x40, 0x01, 0x00,
  0xff, 0x00, 0x40, 0x40, 0x40, 0x80, 0x80, 0x40, 0x40, 0x40, 0x40, 0x40,
  0x02, 0x40, 0x40, 0x40, 0xfd, 0xc0, 0xc0, 0xc0, 0x80, 0x80, 0xfe, 0x80,
  0x01, 0x80, 0x40, 0xc0, 0x40, 0x40, 0x40, 0x00, 0x00, 0x05, 0x00, 0x40,
  0x00, 0x00, 0x01, 0xc0, 0x03, 0x00, 0x00, 0x07, 0x00, 0x11, 0x00, 0x15,
  0x00, 0x19, 0x00, 0x1d, 0x00, 0x00, 0x25, 0x35, 0x23, 0x15, 0x21, 0x15,
  0x21, 0x35, 0x21, 0x35, 0x21, 0x35, 0x23, 0x15, 0x21, 0x35, 0x23, 0x11,
  0x13, 0x21, 0x35, 0x21, 0x11, 0x15, 0x33, 0x35, 0x33, 0x15, 0x33, 0x35,
  0x01, 0xc0, 0x40, 0xff, 0x00, 0x01, 0x00, 0xff, 0x00, 0x01, 0x40, 0x40,
  0xff, 0x00, 0x40, 0x40, 0x01, 0x00, 0xff, 0x00, 0x40, 0x80, 0x40, 0x40,
  0x40, 0x40, 0x40, 0x40, 0xc0, 0xc0, 0x80, 0x80, 0xfe, 0x80, 0x01, 0x80,
  0x40, 0x01, 0x00, 0x80, 0x80, 0x80, 0x80, 0x00, 0x00, 0x03, 0x00, 0x80,
  0x00, 0x00, 0x01, 0xc0, 0x03, 0x00, 0x00, 0x09, 0x00, 0x0d, 0x00, 0x11,
  0x00, 0x00, 0x21, 0x35, 0x23, 0x11, 0x23, 0x15, 0x33, 0x11, 0x23, 0x15,
  0x01, 0x35, 0x23, 0x15, 0x3d, 0x01, 0x23, 0x15, 0x01, 0xc0, 0x80, 0x80,
  0x40, 0x80, 0x01, 0x00, 0x80, 0x80, 0x40, 0x01, 0xc0, 0x40, 0xfe, 0x80,
  0x40, 0x02, 0x80, 0x40, 0x40, 0x40, 0x40, 0x40, 0x00, 0x02, 0x00, 0x80,
  0x00, 0x00, 0x01, 0xc0, 0x03, 0x00, 0x00, 0x09, 0x00, 0x11, 0x00, 0x00,
  0x21, 0x35, 0x23, 0x11, 0x23, 0x15, 0x33, 0x11, 0x23, 0x15, 0x01, 0x35,
  0x23, 0x15, 0x23, 0x15, 0x33, 0x35, 0x01, 0xc0, 0x80, 0x80, 0x40, 0x80,
  0x01, 0x00, 0x80, 0x80, 0x80, 0x40, 0x01, 0xc0, 0x40, 0xfe, 0x80, 0x40,
  0x02, 0xc0, 0x40, 0x40, 0x40, 0x40, 0x00, 0x04, 0x00, 0x80, 0x00, 0x00,
  0x01, 0xc0, 0x03, 0x00, 0x00, 0x09, 0x00, 0x0d, 0x00, 0x11, 0x00, 0x15,
  0x00, 0x00, 0x21, 0x35, 0x23, 0x11, 0x23, 0x15, 0x33, 0x11, 0x23, 0x15,
  0x01, 0x35, 0x23, 0x15, 0x27, 0x23, 0x15, 0x33, 0x35, 0x33, 0x35, 0x23,
  0x01, 0xc0, 0x80, 0x80, 0x40, 0x80, 0x01, 0x00, 0x40, 0x80, 0x40, 0x40,
  0x80, 0x80, 0x40, 0x01, 0xc0, 0x40, 0xfe, 0x80, 0x40, 0x02, 0x80, 0x40,
  0x40, 0x40, 0x40, 0x40, 0x40, 0x00, 0x00, 0x03, 0x00, 0x80, 0x00, 0x00,
  0x01, 0xc0, 0x03, 0x00, 0x00, 0x09, 0x00, 0x0d, 0x00, 0x11, 0x00, 0x00,
  0x21, 0x35, 0x23, 0x11, 0x23, 0x15, 0x33, 0x11, 0x23, 0x15, 0x11, 0x15,
  0x33, 0x35, 0x33, 0x15, 0x33, 0x35, 0x01, 0xc0, 0x80, 0x80, 0x40, 0x80,
  0x40, 0x80, 0x40, 0x40, 0x01, 0xc0, 0x40, 0xfe, 0x80, 0x40, 0x03, 0x00,
  0x80, 0x80, 0x80, 0x80, 0x00, 0x02, 0x00, 0x40, 0x00, 0x00, 0x01, 0xc0,
  0x03, 0x00, 0x00, 0x21, 0x00, 0x25, 0x00, 0x00, 0x01, 0x35, 0x23, 0x15,
  0x23, 0x15, 0x23, 0x15, 0x23, 0x15, 0x33, 0x35, 0x33, 0x35, 0x33, 0x15,
  0x33, 0x15, 0x21, 0x15, 0x23, 0x11, 0x33, 0x15, 0x21, 0x35, 0x21, 0x11,
  0x21, 0x11, 0x33, 0x11, 0x23, 0x35, 0x23, 0x35, 0x23, 0x15, 0x01, 0xc0,
  0x40, 0x80, 0x40, 0x40, 0x40, 0x40, 0x40, 0x40, 0xff, 0x00, 0x40, 0x40,
  0x01, 0x00, 0xff, 0x00, 0x01, 0x00, 0x40, 0x40, 0x80, 0x80, 0x02, 0xc0,
  0x40, 0x40, 0x40, 0x40, 0x40, 0x40, 0x40, 0x40, 0x80, 0x40, 0xfe, 0xc0,
  0x40, 0x40, 0x01, 0x40, 0xfe, 0xc0, 0x02, 0x00, 0x80, 0x40, 0x40, 0x00,
  0x00, 0x06, 0x00, 0x40, 0x00, 0x00, 0x01, 0xc0, 0x03, 0x00, 0x00, 0x07,
  0x00, 0x0f, 0x00, 0x13, 0x00, 0x17, 0x00, 0x1b, 0x00, 0x1f, 0x00, 0x00,
  0x01, 0x35, 0x23, 0x15, 0x23, 0x15, 0x33, 0x35, 0x05, 0x11, 0x33, 0x11,
  0x33, 0x35, 0x23, 0x35, 0x05, 0x11, 0x33, 0x11, 0x21, 0x33, 0x35, 0x23,
  0x27, 0x23, 0x15, 0x33, 0x35, 0x33, 0x35, 0x23, 0x01, 0xc0, 0x40, 0x80,
  0x80, 0xfe, 0xc0, 0x40, 0x40, 0x40, 0x01, 0x00, 0x40, 0xff, 0x00, 0xc0,
  0xc0, 0x40, 0x40, 0x40, 0x80, 0x80, 0x02, 0xc0, 0x40, 0x40, 0x40, 0x40,
  0xc0, 0xfe, 0x00, 0x01, 0x80, 0x40, 0x40, 0x40, 0xfe, 0x40, 0x01, 0xc0,
  0x40, 0xc0, 0x40, 0x40, 0x40, 0x00, 0x00, 0x06, 0x00, 0x40, 0x00, 0x00,
  0x01, 0xc0, 0x03, 0x00, 0x00, 0x03, 0x00, 0x07, 0x00, 0x0b, 0x00, 0x0f,
  0x00, 0x13, 0x00, 0x17, 0x00, 0x00, 0x01, 0x35, 0x23, 0x15, 0x03, 0x15,
  0x21, 0x35, 0x21, 0x11, 0x23, 0x11, 0x21, 0x33, 0x11, 0x23, 0x29, 0x01,
  0x35, 0x21, 0x37, 0x35, 0x23, 0x15, 0x01, 0x80, 0x80, 0x80, 0x01, 0x00,
  0xff, 0x00, 0x40, 0x01, 0x40, 0x40, 0x40, 0xff, 0x00, 0x01, 0x00, 0xff,
  0x00, 0x80, 0x80, 0x02, 0x80, 0x40, 0x40, 0xfd, 0xc0, 0x40, 0x40, 0x01,
  0x80, 0xfe, 0x80, 0x01, 0x80, 0x40, 0xc0, 0x40, 0x40, 0x00, 0x00, 0x05,
  0x00, 0x40, 0x00, 0x00, 0x01, 0xc0, 0x03, 0x00, 0x00, 0x07, 0x00, 0x0b,
  0x00, 0x0f, 0x00, 0x13, 0x00, 0x17, 0x00, 0x00, 0x01, 0x35, 0x23, 0x15,
  0x23, 0x15, 0x33, 0x35, 0x03, 0x15, 0x21, 0x35, 0x21, 0x11, 0x23, 0x11,
  0x21, 0x33, 0x11, 0x23, 0x29, 0x01, 0x35, 0x21, 0x01, 0x80, 0x80, 0x80,
  0x80, 0x80, 0x01, 0x00, 0xff, 0x00, 0x40, 0x01, 0x40, 0x40, 0x40, 0xff,
  0x00, 0x01, 0x00, 0xff, 0x00, 0x02, 0xc0, 0x40, 0x40, 0x40, 0x40, 0xfd,
  0x80, 0x40, 0x40, 0x01, 0x80, 0xfe, 0x80, 0x01, 0x80, 0x40, 0x00, 0x07,
  0x00, 0x40, 0x00, 0x00, 0x01, 0xc0, 0x03, 0x00, 0x00, 0x03, 0x00, 0x07,
  0x00, 0x0b, 0x00, 0x0f, 0x00, 0x13, 0x00, 0x17, 0x00, 0x1b, 0x00, 0x00,
  0x01, 0x35, 0x23, 0x15, 0x03, 0x15, 0x21, 0x35, 0x21, 0x11, 0x23, 0x11,
  0x21, 0x33, 0x11, 0x23, 0x29, 0x01, 0x35, 0x21, 0x37, 0x23, 0x15, 0x33,
  0x35, 0x33, 0x35, 0x23, 0x01, 0x80, 0x40, 0xc0, 0x01, 0x00, 0xff, 0x00,
  0x40, 0x01, 0x40, 0x40, 0x40, 0xff, 0x00, 0x01, 0x00, 0xff, 0x00, 0x40,
  0x40, 0x40, 0x80, 0x80, 0x02, 0x80, 0x40, 0x40, 0xfd, 0xc0, 0x40, 0x40,
  0x01, 0x80, 0xfe, 0x80, 0x01, 0x80, 0x40, 0xc0, 0x40, 0x40, 0x40, 0x00,
  0x00, 0x07, 0x00, 0x40, 0x00, 0x00, 0x01, 0xc0, 0x03, 0x00, 0x00, 0x07,
  0x00, 0x0b, 0x00, 0x0f, 0x00, 0x13, 0x00, 0x17, 0x00, 0x1b, 0x00, 0x1f,
  0x00, 0x00, 0x01, 0x35, 0x23, 0x15, 0x23, 0x15, 0x33, 0x35, 0x01, 0x15,
  0x21, 0x35, 0x21, 0x11, 0x23, 0x11, 0x21, 0x33, 0x11, 0x23, 0x29, 0x01,
  0x35, 0x21, 0x35, 0x23, 0x15, 0x33, 0x35, 0x33, 0x35, 0x23, 0x01, 0xc0,
  0x40, 0x80, 0x80, 0xff, 0x00, 0x01, 0x00, 0xff, 0x00, 0x40, 0x01, 0x40,
  0x40, 0x40, 0xff, 0x00, 0x01, 0x00, 0xff, 0x00, 0x40, 0x40, 0x80, 0x80,
  0x02, 0xc0, 0x40, 0x40, 0x40, 0x40, 0xfd, 0x80, 0x40, 0x40, 0x01, 0x80,
  0xfe, 0x80, 0x01, 0x80, 0x40, 0xc0, 0x40, 0x40, 0x40, 0x00, 0x00, 0x06,
  0x00, 0x40, 0x00, 0x00, 0x01, 0xc0, 0x03, 0x00, 0x00, 0x03, 0x00, 0x07,
  0x00, 0x0b, 0x00, 0x0f, 0x00, 0x13, 0x00, 0x17, 0x00, 0x00, 0x37, 0x15,
  0x21, 0x35, 0x21, 0x11, 0x23, 0x11, 0x21, 0x33, 0x11, 0x23, 0x29, 0x01,
  0x35, 0x21, 0x11, 0x15, 0x33, 0x35, 0x33, 0x15, 0x33, 0x35, 0x80, 0x01,
  0x00, 0xff, 0x00, 0x40, 0x01, 0x40, 0x40, 0x40, 0xff, 0x00, 0x01, 0x00,
  0xff, 0x00, 0x40, 0x80, 0x40, 0x40, 0x40, 0x40, 0x01, 0x80, 0xfe, 0x80,
  0x01, 0x80, 0x40, 0x01, 0x00, 0x80, 0x80, 0x80, 0x80, 0x00, 0x00, 0x03,
  0x00, 0x40, 0x00, 0x40, 0x01, 0xc0, 0x02, 0x00, 0x00, 0x03, 0x00, 0x07,
  0x00, 0x0b, 0x00, 0x00, 0x25, 0x35, 0x23, 0x15, 0x25, 0x35, 0x21, 0x15,
  0x25, 0x35, 0x23, 0x15, 0x01, 0x40, 0x80, 0x01, 0x00, 0xfe, 0x80, 0x01,
  0x00, 0x80, 0x40, 0x40, 0x40, 0xc0, 0x40, 0x40, 0xc0, 0x40, 0x40, 0x00,
  0x00, 0x01, 0x00, 0x40, 0xff, 0xc0, 0x01, 0xc0, 0x02, 0x40, 0x00, 0x23,
  0x00, 0x00, 0x01, 0x35, 0x23, 0x15, 0x21, 0x15, 0x23, 0x11, 0x33, 0x15,
  0x23, 0x15, 0x33, 0x35, 0x21, 0x35, 0x23, 0x35, 0x23, 0x11, 0x33, 0x15,
  0x23, 0x15, 0x23, 0x15, 0x33, 0x35, 0x33, 0x35, 0x33, 0x11, 0x33, 0x11,
  0x23, 0x35, 0x01, 0xc0, 0x40, 0xff, 0x00, 0x40, 0x40, 0x40, 0x40, 0x01,
  0x00, 0xc0, 0x40, 0xc0, 0x40, 0x40, 0x40, 0x40, 0x40, 0x40, 0x40, 0x02,
  0x00, 0x40, 0x40, 0x40, 0xfe, 0x80, 0x40, 0x40, 0x40, 0x40, 0x40, 0x01,
  0x40, 0x40, 0x80, 0x80, 0x80, 0x80, 0xfe, 0xc0, 0x01, 0x80, 0x40, 0x00,
  0x00, 0x05, 0x00, 0x40, 0x00, 0x00, 0x01, 0xc0, 0x03, 0x00, 0x00, 0x03,
  0x00, 0x07, 0x00, 0x0b, 0x00, 0x13, 0x00, 0x17, 0x00, 0x00, 0x01, 0x35,
  0x23, 0x15, 0x03, 0x15, 0x33, 0x35, 0x23, 0x11, 0x23, 0x11, 0x21, 0x15,
  0x33, 0x11, 0x23, 0x11, 0x23, 0x15, 0x03, 0x35, 0x23, 0x15, 0x01, 0x80,
  0x80, 0x80, 0xc0, 0xc0, 0x40, 0x01, 0x40, 0x40, 0x40, 0x40, 0x40, 0x80,
  0x02, 0x80, 0x40, 0x40, 0xfd, 0xc0, 0x40, 0x40, 0x01, 0xc0, 0xfe, 0x40,
  0x40, 0x02, 0x00, 0xfe, 0x80, 0x40, 0x02, 0x80, 0x40, 0x40, 0x00, 0x04,
  0x00, 0x40, 0x00, 0x00, 0x01, 0xc0, 0x03, 0x00, 0x00, 0x07, 0x00, 0x0b,
  0x00, 0x0f, 0x00, 0x17, 0x00, 0x00, 0x01, 0x35, 0x23, 0x15, 0x23, 0x15,
  0x33, 0x35, 0x03, 0x15, 0x33, 0x35, 0x23, 0x11, 0x23, 0x11, 0x21, 0x15,
  0x33, 0x11, 0x23, 0x11, 0x23, 0x15, 0x01, 0x80, 0x80, 0x80, 0x80, 0x80,
  0xc0, 0xc0, 0x40, 0x01, 0x40, 0x40, 0x40, 0x40, 0x02, 0xc0, 0x40, 0x40,
  0x40, 0x40, 0xfd, 0x80, 0x40, 0x40, 0x01, 0xc0, 0xfe, 0x40, 0x40, 0x02,
  0x00, 0xfe, 0x80, 0x40, 0x00, 0x06, 0x00, 0x40, 0x00, 0x00, 0x01, 0xc0,
  0x03, 0x00, 0x00, 0x03, 0x00, 0x07, 0x00, 0x0b, 0x00, 0x13, 0x00, 0x17,
  0x00, 0x1b, 0x00, 0x00, 0x01, 0x35, 0x23, 0x15, 0x03, 0x15, 0x33, 0x35,
  0x23, 0x11, 0x23, 0x11, 0x21, 0x15, 0x33, 0x11, 0x23, 0x11, 0x23, 0x15,
  0x03, 0x23, 0x15, 0x33, 0x35, 0x33, 0x35, 0x23, 0x01, 0x80, 0x40, 0xc0,
  0xc0, 0xc0, 0x40, 0x01, 0x40, 0x40, 0x40, 0x40, 0x80, 0x40, 0x40, 0x80,
  0x80, 0x02, 0x80, 0x40, 0x40, 0xfd, 0xc0, 0x40, 0x40, 0x01, 0xc0, 0xfe,
  0x40, 0x40, 0x02, 0x00, 0xfe, 0x80, 0x40, 0x02, 0x80, 0x40, 0x40, 0x40,
  0x00, 0x05, 0x00, 0x40, 0x00, 0x00, 0x01, 0xc0, 0x03, 0x00, 0x00, 0x03,
  0x00, 0x07, 0x00, 0x0f, 0x00, 0x13, 0x00, 0x17, 0x00, 0x00, 0x37, 0x15,
  0x33, 0x35, 0x23, 0x11, 0x23, 0x11, 0x21, 0x15, 0x33, 0x11, 0x23, 0x11,
  0x23, 0x15, 0x03, 0x15, 0x33, 0x35, 0x33, 0x15, 0x33, 0x35, 0x80, 0xc0,
  0xc0, 0x40, 0x01, 0x40, 0x40, 0x40, 0x40, 0xc0, 0x40, 0x80, 0x40, 0x40,
  0x40, 0x40, 0x01, 0xc0, 0xfe, 0x40, 0x40, 0x02, 0x00, 0xfe, 0x80, 0x40,
  0x02, 0xc0, 0x80, 0x80, 0x80, 0x80, 0x00, 0x05, 0x00, 0x40, 0xff, 0x80,
  0x01, 0xc0, 0x03, 0x00, 0x00, 0x07, 0x00, 0x0b, 0x00, 0x17, 0x00, 0x1b,
  0x00, 0x1f, 0x00, 0x00, 0x01, 0x35, 0x23, 0x15, 0x23, 0x15, 0x33, 0x35,
  0x13, 0x21, 0x15, 0x21, 0x35, 0x33, 0x11, 0x23, 0x11, 0x23, 0x15, 0x23,
  0x15, 0x33, 0x35, 0x33, 0x23, 0x35, 0x23, 0x15, 0x35, 0x11, 0x23, 0x11,
  0x01, 0x80, 0x80, 0x80, 0x80, 0x80, 0xff, 0x00, 0x01, 0x00, 0x40, 0x40,
  0x40, 0x80, 0x80, 0x40, 0xc0, 0x40, 0x40, 0x02, 0xc0, 0x40, 0x40, 0x40,
  0x40, 0xfd, 0x00, 0x40, 0x40, 0x02, 0x40, 0xfe, 0xc0, 0x40, 0x40, 0x40,
  0x40, 0x40, 0x40, 0x01, 0x40, 0xfe, 0xc0, 0x00, 0x00, 0x03, 0x00, 0x40,
  0xff, 0x80, 0x01, 0xc0, 0x02, 0xc0, 0x00, 0x0f, 0x00, 0x13, 0x00, 0x17,
  0x00, 0x00, 0x13, 0x11, 0x33, 0x35, 0x33, 0x15, 0x33, 0x35, 0x23, 0x35,
  0x23, 0x11, 0x33, 0x35, 0x23, 0x11, 0x01, 0x33, 0x11, 0x2b, 0x01, 0x33,
  0x35, 0x23, 0x40, 0x40, 0x40, 0xc0, 0xc0, 0x40, 0x40, 0x40, 0x01, 0x00,
  0x40, 0x40, 0xc0, 0xc0, 0xc0, 0x02, 0xc0, 0xfc, 0xc0, 0xc0, 0x40, 0x40,
  0x40, 0x01, 0x00, 0x40, 0x01, 0x00, 0xfd, 0x80, 0x01, 0x80, 0x40, 0x00,
  0x00, 0x06, 0x00, 0x40, 0xff, 0x80, 0x01, 0xc0, 0x03, 0x00, 0x00, 0x03,
  0x00, 0x0f, 0x00, 0x13, 0x00, 0x17, 0x00, 0x1b, 0x00, 0x1f, 0x00, 0x00,
  0x05, 0x21, 0x15, 0x21, 0x35, 0x33, 0x11, 0x23, 0x11, 0x23, 0x15, 0x23,
  0x15, 0x33, 0x35, 0x33, 0x23, 0x35, 0x23, 0x15, 0x35, 0x11, 0x23, 0x11,
  0x13, 0x15, 0x33, 0x35, 0x33, 0x15, 0x33, 0x35, 0x01, 0x80, 0xff, 0x00,
  0x01, 0x00, 0x40, 0x40, 0x40, 0x80, 0x80, 0x40, 0xc0, 0x40, 0x40, 0x40,
  0x40, 0x80, 0x40, 0x40, 0x40, 0x40, 0x02, 0x40, 0xfe, 0xc0, 0x40, 0x40,
  0x40, 0x40, 0x40, 0x40, 0x01, 0x40, 0xfe, 0xc0, 0x02, 0x40, 0x80, 0x80,
  0x80, 0x80, 0x00, 0x01, 0x00, 0x80, 0x01, 0x00, 0x01, 0x80, 0x01, 0x40,
  0x00, 0x03, 0x00, 0x00, 0x01, 0x35, 0x21, 0x15, 0x01, 0x80, 0xff, 0x00,
  0x01, 0x00, 0x40, 0x40, 0x00, 0x01, 0x00, 0x40, 0x01, 0x00, 0x01, 0xc0,
  0x01, 0x40, 0x00, 0x03, 0x00, 0x00, 0x01, 0x35, 0x21, 0x15, 0x01, 0xc0,
  0xfe, 0x80, 0x01, 0x00, 0x40, 0x40, 0x00, 0x01, 0x00, 0x00, 0x01, 0x00,
  0x02, 0x00, 0x01, 0x40, 0x00, 0x03, 0x00, 0x00, 0x01, 0x35, 0x21, 0x15,
  0x02, 0x00, 0xfe, 0x00, 0x01, 0x00, 0x40, 0x40, 0x00, 0x02, 0x00, 0xc0,
  0x02, 0x00, 0x01, 0x40, 0x03, 0x00, 0x00, 0x05, 0x00, 0x09, 0x00, 0x00,
  0x01, 0x35, 0x23, 0x35, 0x23, 0x15, 0x37, 0x35, 0x23, 0x15, 0x01, 0x40,
  0x40, 0x40, 0x80, 0x40, 0x02, 0x00, 0x40, 0x80, 0xc0, 0xc0, 0x40, 0x40,
  0x00, 0x02, 0x00, 0xc0, 0x02, 0x00, 0x01, 0x40, 0x03, 0x00, 0x00, 0x03,
  0x00, 0x09, 0x00, 0x00, 0x01, 0x23, 0x15, 0x33, 0x35, 0x33, 0x35, 0x23,
  0x15, 0x33, 0x01, 0x00, 0x40, 0x40, 0x40, 0x80, 0x40, 0x02, 0x40, 0x40,
  0x40, 0xc0, 0x40, 0x00, 0x00, 0x04, 0x00, 0x40, 0x02, 0x00, 0x01, 0xc0,
  0x03, 0x00, 0x00, 0x05, 0x00, 0x0b, 0x00, 0x0f, 0x00, 0x13, 0x00, 0x00,
  0x13, 0x35, 0x23, 0x35, 0x23, 0x15, 0x21, 0x35, 0x23, 0x35, 0x23, 0x15,
  0x27, 0x35, 0x23, 0x15, 0x21, 0x35, 0x23, 0x15, 0xc0, 0x40, 0x40, 0x01,
  0x80, 0x40, 0x40, 0x80, 0x40, 0x01, 0x40, 0x40, 0x02, 0x00, 0x40, 0x80,
  0xc0, 0x40, 0x80, 0xc0, 0xc0, 0x40, 0x40, 0x40, 0x40, 0x00, 0x00, 0x04,
  0x00, 0x40, 0x02, 0x00, 0x01, 0xc0, 0x03, 0x00, 0x00, 0x03, 0x00, 0x09,
  0x00, 0x0d, 0x00, 0x13, 0x00, 0x00, 0x13, 0x23, 0x15, 0x33, 0x35, 0x33,
  0x35, 0x23, 0x15, 0x33, 0x05, 0x23, 0x15, 0x33, 0x35, 0x33, 0x35, 0x23,
  0x15, 0x33, 0x80, 0x40, 0x40, 0x40, 0x80, 0x40, 0x01, 0x00, 0x40, 0x40,
  0x40, 0x80, 0x40, 0x02, 0x40, 0x40, 0x40, 0xc0, 0x40, 0x80, 0x40, 0x40,
  0xc0, 0x40, 0x00, 0x03, 0x00, 0x40, 0x00, 0x00, 0x02, 0x00, 0x00, 0x80,
  0x00, 0x03, 0x00, 0x07, 0x00, 0x0b, 0x00, 0x00, 0x37, 0x15, 0x33, 0x35,
  0x33, 0x15, 0x33, 0x35, 0x33, 0x15, 0x33, 0x35, 0x40, 0x40, 0x80, 0x40,
  0x80, 0x40, 0x80, 0x80, 0x80, 0x80, 0x80, 0x80, 0x80, 0x00, 0x00, 0x03,
  0x00, 0x40, 0x00, 0x80, 0x02, 0x00, 0x01, 0xc0, 0x00, 0x03, 0x00, 0x0f,
  0x00, 0x13, 0x00, 0x00, 0x25, 0x35, 0x23, 0x15, 0x25, 0x35, 0x21, 0x35,
  0x23, 0x15, 0x23, 0x15, 0x33, 0x15, 0x33, 0x35, 0x37, 0x35, 0x23, 0x15,
  0x01, 0x00, 0x40, 0x01, 0x40, 0xfe, 0xc0, 0x40, 0x40, 0x40, 0x40, 0x40,
  0x40, 0x80, 0x40, 0x40, 0x80, 0x40, 0x40, 0x40, 0x40, 0x40, 0x40, 0x80,
  0x40, 0x40, 0x00, 0x02, 0x00, 0x80, 0xff, 0x80, 0x01, 0xc0, 0x03, 0x00,
  0x00, 0x03, 0x00, 0x13, 0x00, 0x00, 0x01, 0x35, 0x23, 0x15, 0x27, 0x11,
  0x33, 0x11, 0x33, 0x35, 0x23, 0x35, 0x23, 0x15, 0x23, 0x15, 0x23, 0x15,
  0x33, 0x35, 0x01, 0xc0, 0x40, 0x80, 0x40, 0x40, 0x40, 0x40, 0x40, 0x40,
  0x40, 0x02, 0x40, 0x40, 0x40, 0x40, 0xfd, 0x00, 0x03, 0x00, 0x40, 0x40,
  0x40, 0x40, 0x40, 0x40, 0x00, 0x02, 0x00, 0x00, 0x00, 0x80, 0x01, 0xc0,
  0x01, 0xc0, 0x00, 0x0f, 0x00, 0x13, 0x00, 0x00, 0x01, 0x35, 0x23, 0x35,
  0x23, 0x15, 0x21, 0x15, 0x21, 0x15, 0x23, 0x15, 0x33, 0x35, 0x33, 0x35,
  0x27, 0x35, 0x23, 0x15, 0x01, 0xc0, 0x40, 0x40, 0xfe, 0xc0, 0x01, 0x40,
  0x40, 0x40, 0x40, 0x40, 0x40, 0x01, 0x00, 0x40, 0x40, 0x40, 0x40, 0x40,
  0x40, 0x40, 0x40, 0x80, 0x40, 0x40, 0x00, 0x02, 0x00, 0x80, 0x00, 0x00,
  0x01, 0xc0, 0x03, 0x80, 0x00, 0x0f, 0x00, 0x13, 0x00, 0x00, 0x25, 0x35,
  0x23, 0x15, 0x23, 0x11, 0x23, 0x11, 0x23, 0x15, 0x33, 0x15, 0x33, 0x35,
  0x33, 0x35, 0x23, 0x35, 0x23, 0x15, 0x01, 0xc0, 0x40, 0x40, 0x40, 0x40,
  0x40, 0x40, 0x40, 0xc0, 0x40, 0x80, 0x40, 0x40, 0x03, 0x00, 0xfd, 0x00,
  0x40, 0x40, 0x40, 0x40, 0x40, 0x40, 0x00, 0x00, 0x00, 0x01, 0x00, 0x00,
  0x00, 0xcc, 0x01, 0x00, 0x00, 0x2e, 0x00, 0x00, 0x00, 0x00, 0x00, 0x01,
  0x00, 0x00, 0x00, 0x00, 0x00, 0x00, 0x00, 0x00, 0x00, 0x00, 0x00, 0x00,
  0x00, 0x00, 0x00, 0x00, 0x00, 0x00, 0x00, 0x00, 0x00, 0x00, 0x00, 0x13,
  0x00, 0x26, 0x00, 0x4d, 0x00, 0x87, 0x00, 0xd0, 0x01, 0x1d, 0x01, 0x2b,
  0x01, 0x4a, 0x01, 0x69, 0x01, 0xa2, 0x01, 0xb7, 0x01, 0xca, 0x01, 0xd7,
  0x01, 0xe3, 0x02, 0x07, 0x02, 0x4a, 0x02, 0x63, 0x02, 0x91, 0x02, 0xbe,
  0x02, 0xe4, 0x03, 0x06, 0x03, 0x2b, 0x03, 0x45, 0x03, 0x75, 0x03, 0x9d,
  0x03, 0xaf, 0x03, 0xc8, 0x03, 0xf6, 0x04, 0x0a, 0x04, 0x3a, 0x04, 0x60,
  0x04, 0x99, 0x04, 0xc0, 0x04, 0xe1, 0x05, 0x05, 0x05, 0x24, 0x05, 0x3b,
  0x05, 0x50, 0x05, 0x7a, 0x05, 0x92, 0x05, 0xa7, 0x05, 0xc4, 0x05, 0xf7,
  0x06, 0x06, 0x06, 0x27, 0x06, 0x49, 0x06, 0x68, 0x06, 0x81, 0x06, 0xad,
  0x06, 0xd1, 0x07, 0x03, 0x07, 0x15, 0x07, 0x2e, 0x07, 0x5a, 0x07, 0x7c,
  0x07, 0xb2, 0x07, 0xdf, 0x08, 0x0a, 0x08, 0x1b, 0x08, 0x40, 0x08, 0x50,
  0x08, 0x73, 0x08, 0x80, 0x08, 0x97, 0x08, 0xc3, 0x08, 0xe8, 0x09, 0x0e,
  0x09, 0x35, 0x09, 0x5a, 0x09, 0x76, 0x09, 0xac, 0x09, 0xcb, 0x09, 0xe4,
  0x0a, 0x07, 0x0a, 0x36, 0x0a, 0x49, 0x0a, 0x69, 0x0a, 0x87, 0x0a, 0xa6,
  0x0a, 0xcb, 0x0a, 0xf0, 0x0b, 0x0d, 0x0b, 0x41, 0x0b, 0x5c, 0x0b, 0x78,
  0x0b, 0x98, 0x0b, 0xba, 0x0b, 0xf0, 0x0c, 0x16, 0x0c, 0x41, 0x0c, 0x6f,
  0x0c, 0x7d, 0x0c, 0xad, 0x0c, 0xcf, 0x0c, 0xcf, 0x0c, 0xe2, 0x0d, 0x0e,
  0x0d, 0x36, 0x0d, 0x6b, 0x0d, 0xa5, 0x0d, 0xba, 0x0d, 0xfa, 0x0e, 0x0b,
  0x0e, 0x5e, 0x0e, 0x82, 0x0e, 0xbe, 0x0e, 0xcd, 0x0f, 0xac, 0x0f, 0xf8,
  0x10, 0x05, 0x10, 0x20, 0x10, 0x3b, 0x10, 0x63, 0x10, 0x8d, 0x10, 0xa2,
  0x10, 0xcb, 0x10, 0xe6, 0x10, 0xf2, 0x11, 0x02, 0x11, 0x1c, 0x11, 0x3e,
  0x11, 0x76, 0x11, 0xb7, 0x11, 0xfc, 0x12, 0x44, 0x12, 0x6b, 0x12, 0x9e,
  0x12, 0xd0, 0x13, 0x08, 0x13, 0x45, 0x13, 0x77, 0x13, 0xb4, 0x13, 0xda,
  0x14, 0x08, 0x14, 0x2b, 0x14, 0x4d, 0x14, 0x75, 0x14, 0x97, 0x14, 0xb8,
  0x14, 0xd8, 0x14, 0xfe, 0x15, 0x1e, 0x15, 0x47, 0x15, 0x7e, 0x15, 0xaa,
  0x15, 0xd4, 0x16, 0x05, 0x16, 0x3a, 0x16, 0x64, 0x16, 0x95, 0x16, 0xcd,
  0x16, 0xf2, 0x17, 0x16, 0x17, 0x40, 0x17, 0x64, 0x17, 0x9b, 0x17, 0xbc,
  0x17, 0xef, 0x18, 0x27, 0x18, 0x5e, 0x18, 0x9b, 0x18, 0xdc, 0x19, 0x12,
  0x19, 0x54, 0x19, 0x81, 0x19, 0xae, 0x19, 0xdf, 0x1a, 0x0e, 0x1a, 0x44,
  0x1a, 0x74, 0x1a, 0x92, 0x1a, 0xaf, 0x1a, 0xd3, 0x1a, 0xf0, 0x1b, 0x24,
  0x1b, 0x57, 0x1b, 0x83, 0x1b, 0xad, 0x1b, 0xde, 0x1c, 0x13, 0x1c, 0x3d,
  0x1c, 0x56, 0x1c, 0x86, 0x1c, 0xaf, 0x1c, 0xd6, 0x1d, 0x04, 0x1d, 0x2b,
  0x1d, 0x5c, 0x1d, 0x82, 0x1d, 0xb3, 0x1d, 0xc0, 0x1d, 0xcd, 0x1d, 0xda,
  0x1d, 0xee, 0x1e, 0x02, 0x1e, 0x23, 0x1e, 0x43, 0x1e, 0x59, 0x1e, 0x79,
  0x1e, 0x98, 0x1e, 0xb7, 0x1e, 0xd5, 0x00, 0x00, 0x00, 0x01, 0x00, 0x00,
  0x00, 0x10, 0x00, 0x00, 0xb8, 0x45, 0x25, 0xd9, 0x5f, 0x0f, 0x3c, 0xf5,
  0x00, 0x0b, 0x04, 0x00, 0x00, 0x00, 0x00, 0x00, 0xe4, 0x9b, 0x8c, 0xeb,
  0x00, 0x00, 0x00, 0x00, 0xe4, 0x9b, 0x8d, 0x2c, 0xfc, 0x00, 0xff, 0x80,
  0x04, 0x00, 0x03, 0x80, 0x00, 0x00, 0x00, 0x08, 0x00, 0x02, 0x00, 0x00,
  0x00, 0x00, 0x00, 0x00, 0x02, 0x00, 0x00, 0x40, 0x02, 0x00, 0x00, 0x00,
  0x02, 0x00, 0x01, 0x00, 0x02, 0x00, 0x00, 0x80, 0x02, 0x00, 0x00, 0x40,
  0x02, 0x00, 0x00, 0x40, 0x02, 0x00, 0x00, 0x40, 0x02, 0x00, 0x00, 0x40,
  0x02, 0x00, 0x01, 0x00, 0x02, 0x00, 0x00, 0xc0, 0x02, 0x00, 0x00, 0x80,
  0x02, 0x00, 0x00, 0x40, 0x02, 0x00, 0x00, 0x40, 0x02, 0x00, 0x00, 0xc0,
  0x02, 0x00, 0x00, 0x80, 0x02, 0x00, 0x00, 0xc0, 0x02, 0x00, 0x00, 0x40,
  0x02, 0x00, 0x00, 0x40, 0x02, 0x00, 0x00, 0x80, 0x02, 0x00, 0x00, 0x40,
  0x02, 0x00, 0x00, 0x40, 0x02, 0x00, 0x00, 0x40, 0x02, 0x00, 0x00, 0x40,
  0x02, 0x00, 0x00, 0x40, 0x02, 0x00, 0x00, 0x40, 0x02, 0x00, 0x00, 0x40,
  0x02, 0x00, 0x00, 0x40, 0x02, 0x00, 0x00, 0xc0, 0x02, 0x00, 0x00, 0xc0,
  0x02, 0x00, 0x00, 0x80, 0x02, 0x00, 0x00, 0x40, 0x02, 0x00, 0x00, 0x40,
  0x02, 0x00, 0x00, 0x40, 0x02, 0x00, 0x00, 0x40, 0x02, 0x00, 0x00, 0x40,
  0x02, 0x00, 0x00, 0x40, 0x02, 0x00, 0x00, 0x40, 0x02, 0x00, 0x00, 0x40,
  0x02, 0x00, 0x00, 0x40, 0x02, 0x00, 0x00, 0x40, 0x02, 0x00, 0x00, 0x40,
  0x02, 0x00, 0x00, 0x40, 0x02, 0x00, 0x00, 0x80, 0x02, 0x00, 0x00, 0x40,
  0x02, 0x00, 0x00, 0x40, 0x02, 0x00, 0x00, 0x40, 0x02, 0x00, 0x00, 0x40,
  0x02, 0x00, 0x00, 0x40, 0x02, 0x00, 0x00, 0x40, 0x02, 0x00, 0x00, 0x40,
  0x02, 0x00, 0x00, 0x40, 0x02, 0x00, 0x00, 0x40, 0x02, 0x00, 0x00, 0x40,
  0x02, 0x00, 0x00, 0x40, 0x02, 0x00, 0x00, 0x40, 0x02, 0x00, 0x00, 0x40,
  0x02, 0x00, 0x00, 0x40, 0x02, 0x00, 0x00, 0x40, 0x02, 0x00, 0x00, 0x40,
  0x02, 0x00, 0x00, 0x40, 0x02, 0x00, 0x01, 0x00, 0x02, 0x00, 0x00, 0x40,
  0x02, 0x00, 0x00, 0x40, 0x02, 0x00, 0x00, 0x40, 0x02, 0x00, 0x00, 0x40,
  0x02, 0x00, 0x00, 0x80, 0x02, 0x00, 0x00, 0x40, 0x02, 0x00, 0x00, 0x40,
  0x02, 0x00, 0x00, 0x40, 0x02, 0x00, 0x00, 0x40, 0x02, 0x00, 0x00, 0x40,
  0x02, 0x00, 0x00, 0x40, 0x02, 0x00, 0x00, 0x40, 0x02, 0x00, 0x00, 0x40,
  0x02, 0x00, 0x00, 0x80, 0x02, 0x00, 0x00, 0x40, 0x02, 0x00, 0x00, 0x40,
  0x02, 0x00, 0x00, 0x80, 0x02, 0x00, 0x00, 0x40, 0x02, 0x00, 0x00, 0x40,
  0x02, 0x00, 0x00, 0x40, 0x02, 0x00, 0x00, 0x40, 0x02, 0x00, 0x00, 0x40,
  0x02, 0x00, 0x00, 0x40, 0x02, 0x00, 0x00, 0x40, 0x02, 0x00, 0x00, 0x40,
  0x02, 0x00, 0x00, 0x40, 0x02, 0x00, 0x00, 0x40, 0x02, 0x00, 0x00, 0x40,
  0x02, 0x00, 0x00, 0x40, 0x02, 0x00, 0x00, 0x40, 0x02, 0x00, 0x00, 0x40,
  0x02, 0x00, 0x00, 0x80, 0x02, 0x00, 0x01, 0x00, 0x02, 0x00, 0x00, 0x80,
  0x02, 0x00, 0x00, 0x40, 0x02, 0x00, 0x00, 0x00, 0x02, 0x00, 0x01, 0x00,
  0x02, 0x00, 0x00, 0x40, 0x02, 0x00, 0x00, 0x40, 0x02, 0x00, 0x00, 0x40,
  0x02, 0x00, 0x00, 0x40, 0x02, 0x00, 0x01, 0x00, 0x02, 0x00, 0x00, 0x40,
  0x02, 0x00, 0x00, 0x80, 0x02, 0x00, 0x00, 0x00, 0x02, 0x00, 0x00, 0x80,
  0x02, 0x00, 0x00, 0x40, 0x02, 0x00, 0x00, 0x40, 0x04, 0x00, 0x00, 0x00,
  0x02, 0x00, 0x00, 0x00, 0x00, 0x40, 0x00, 0x80, 0x00, 0x40, 0x00, 0x40,
  0x00, 0x40, 0x00, 0xc0, 0x00, 0x00, 0x00, 0x40, 0x00, 0xc0, 0x00, 0x80,
  0x00, 0x40, 0x00, 0x80, 0x00, 0x40, 0x00, 0x40, 0x00, 0x40, 0x00, 0x40,
  0x00, 0x40, 0x00, 0x40, 0x00, 0x40, 0x00, 0x40, 0x00, 0x40, 0x00, 0x40,
  0x00, 0x40, 0x00, 0x40, 0x00, 0x40, 0x00, 0x40, 0x00, 0x40, 0x00, 0x40,
  0x00, 0x40, 0x00, 0x80, 0x00, 0x80, 0x00, 0x80, 0x00, 0x80, 0x00, 0x00,
  0x00, 0x40, 0x00, 0x40, 0x00, 0x40, 0x00, 0x40, 0x00, 0x40, 0x00, 0x40,
  0x00, 0x40, 0x00, 0x40, 0x00, 0x40, 0x00, 0x40, 0x00, 0x40, 0x00, 0x40,
  0x00, 0x40, 0x00, 0x40, 0x00, 0x40, 0x00, 0x40, 0x00, 0x40, 0x00, 0x40,
  0x00, 0x40, 0x00, 0x40, 0x00, 0x40, 0x00, 0x40, 0x00, 0x40, 0x00, 0x40,
  0x00, 0x40, 0x00, 0x40, 0x00, 0x40, 0x00, 0x80, 0x00, 0x80, 0x00, 0x80,
  0x00, 0x80, 0x00, 0x40, 0x00, 0x40, 0x00, 0x40, 0x00, 0x40, 0x00, 0x40,
  0x00, 0x40, 0x00, 0x40, 0x00, 0x40, 0x00, 0x40, 0x00, 0x40, 0x00, 0x40,
  0x00, 0x40, 0x00, 0x40, 0x00, 0x40, 0x00, 0x40, 0x00, 0x40, 0x00, 0x80,
  0x00, 0x40, 0x00, 0x00, 0x00, 0xc0, 0x00, 0xc0, 0x00, 0x40, 0x00, 0x40,
  0x00, 0x40, 0x00, 0x40, 0x00, 0x80, 0x00, 0x00, 0x00, 0x80, 0x00, 0x00,
  0x00, 0x01, 0x00, 0x00, 0x03, 0x80, 0xff, 0x80, 0x00, 0x48, 0x04, 0x00,
  0xfc, 0x00, 0xfc, 0x00, 0x04, 0x00, 0x00, 0x01, 0x00, 0x00, 0x00, 0x00,
  0x00, 0x00, 0x00, 0x00, 0x00, 0x00, 0x00, 0x00, 0x00, 0x00, 0x00, 0x6f,
  0x00, 0x01, 0x02, 0x00, 0x01, 0xf4, 0x00, 0x05, 0x00, 0x00, 0x02, 0x99,
  0x02, 0xcc, 0x00, 0x00, 0x00, 0x8f, 0x02, 0x99, 0x02, 0xcc, 0x00, 0x00,
  0x01, 0xeb, 0x00, 0x33, 0x01, 0x09, 0x00, 0x00, 0x02, 0x00, 0x06, 0x04,
  0x00, 0x00, 0x00, 0x00, 0x00, 0x00, 0x80, 0x00, 0x00, 0x03, 0x00, 0x00,
  0x00, 0x20, 0x00, 0x00, 0x00, 0x00, 0x00, 0x00, 0x00, 0x00, 0x50, 0x66,
  0x45, 0x64, 0x00, 0x00, 0x00, 0x20, 0x21, 0x93, 0x03, 0x80, 0xff, 0x80,
  0x00, 0x00, 0x03, 0x80, 0x00, 0x80, 0x00, 0x00, 0x00, 0x01, 0x00, 0x00,
  0x00, 0x00, 0x00, 0x00, 0x00, 0x00, 0x00, 0x02, 0x00, 0x00, 0x00, 0x03,
  0x00, 0x00, 0x00, 0x14, 0x00, 0x03, 0x00, 0x01, 0x00, 0x00, 0x00, 0x14,
  0x00, 0x04, 0x00, 0x58, 0x00, 0x00, 0x00, 0x12, 0x00, 0x10, 0x00, 0x03,
  0x00, 0x02, 0x00, 0x7e, 0x00, 0xff, 0x20, 0x10, 0x20, 0x14, 0x20, 0x19,
  0x20, 0x1d, 0x20, 0x26, 0x21, 0x93, 0xff, 0xff, 0x00, 0x00, 0x00, 0x20,
  0x00, 0xa0, 0x20, 0x10, 0x20, 0x13, 0x20, 0x18, 0x20, 0x1c, 0x20, 0x26,
  0x21, 0x90, 0xff, 0xff, 0xff, 0xe1, 0xff, 0xc0, 0xe0, 0xb0, 0xe0, 0xae,
  0xe0, 0xab, 0xe0, 0xa9, 0xe0, 0xa1, 0xdf, 0x38, 0x00, 0x01, 0x00, 0x00,
  0x00, 0x00, 0x00, 0x00, 0x00, 0x00, 0x00, 0x00, 0x00, 0x00, 0x00, 0x00,
  0x00, 0x00, 0x00, 0x00, 0x00, 0x00, 0x00, 0x07, 0x00, 0x5a, 0x00, 0x03,
  0x00, 0x01, 0x04, 0x09, 0x00, 0x00, 0x01, 0x48, 0x00, 0x00, 0x00, 0x03,
  0x00, 0x01, 0x04, 0x09, 0x00, 0x01, 0x00, 0x0e, 0x01, 0x48, 0x00, 0x03,
  0x00, 0x01, 0x04, 0x09, 0x00, 0x02, 0x00, 0x0e, 0x01, 0x56, 0x00, 0x03,
  0x00, 0x01, 0x04, 0x09, 0x00, 0x03, 0x00, 0x46, 0x01, 0x64, 0x00, 0x03,
  0x00, 0x01, 0x04, 0x09, 0x00, 0x04, 0x00, 0x0e, 0x01, 0x48, 0x00, 0x03,
  0x00, 0x01, 0x04, 0x09, 0x00, 0x05, 0x00, 0x1e, 0x01, 0xaa, 0x00, 0x03,
  0x00, 0x01, 0x04, 0x09, 0x00, 0x06, 0x00, 0x1a, 0x01, 0xc8, 0x00, 0x43,
  0x00, 0x6f, 0x00, 0x70, 0x00, 0x79, 0x00, 0x72, 0x00, 0x69, 0x00, 0x67,
  0x00, 0x68, 0x00, 0x74, 0x00, 0x20, 0x00, 0xa9, 0x00, 0x20, 0x00, 0x31,
  0x00, 0x39, 0x00, 0x39, 0x00, 0x38, 0x00, 0x2d, 0x00, 0x32, 0x00, 0x30,
  0x00, 0x32, 0x00, 0x35, 0x00, 0x20, 0x00, 0x52, 0x00, 0x6f, 0x00, 0x6d,
  0x00, 0x61, 0x00, 0x6e, 0x00, 0x20, 0x00, 0x43, 0x00, 0x7a, 0x00, 0x79,
  0x00, 0x62, 0x00, 0x6f, 0x00, 0x72, 0x00, 0x72, 0x00, 0x61, 0x00, 0x2c,
  0x00, 0x20, 0x00, 0x50, 0x00, 0x61, 0x00, 0x75, 0x00, 0x6c, 0x00, 0x20,
  0x00, 0x48, 0x00, 0x61, 0x00, 0x72, 0x00, 0x64, 0x00, 0x79, 0x00, 0x2c,
  0x00, 0x20, 0x00, 0x51, 0x00, 0x69, 0x00, 0x61, 0x00, 0x6e, 0x00, 0x71,
  0x00, 0x69, 0x00, 0x61, 0x00, 0x6e, 0x00, 0x20, 0x00, 0x46, 0x00, 0x61,
  0x00, 0x6e, 0x00, 0x67, 0x00, 0x2c, 0x00, 0x20, 0x00, 0x41, 0x00, 0x6e,
  0x00, 0x64, 0x00, 0x72, 0x00, 0x65, 0x00, 0x77, 0x00, 0x20, 0x00, 0x4d,
  0x00, 0x69, 0x00, 0x6c, 0x00, 0x6c, 0x00, 0x65, 0x00, 0x72, 0x00, 0x2c,
  0x00, 0x20, 0x00, 0x4a, 0x00, 0x6f, 0x00, 0x68, 0x00, 0x6e, 0x00, 0x6e,
  0x00, 0x69, 0x00, 0x65, 0x00, 0x20, 0x00, 0x57, 0x00, 0x65, 0x00, 0x61,
  0x00, 0x76, 0x00, 0x65, 0x00, 0x72, 0x00, 0x2c, 0x00, 0x20, 0x00, 0x44,
  0x00, 0x61, 0x00, 0x76, 0x00, 0x69, 0x00, 0x64, 0x00, 0x20, 0x00, 0x43,
  0x00, 0x6f, 0x00, 0x72, 0x00, 0x62, 0x00, 0x65, 0x00, 0x74, 0x00, 0x74,
  0x00, 0x2c, 0x00, 0x20, 0x00, 0x4e, 0x00, 0x69, 0x00, 0x6c, 0x00, 0x73,
  0x00, 0x20, 0x00, 0x4d, 0x00, 0x6f, 0x00, 0x73, 0x00, 0x6b, 0x00, 0x6f,
  0x00, 0x70, 0x00, 0x70, 0x00, 0x2c, 0x00, 0x20, 0x00, 0x52, 0x00, 0x65,
  0x00, 0x62, 0x00, 0x65, 0x00, 0x63, 0x00, 0x63, 0x00, 0x61, 0x00, 0x20,
  0x00, 0x42, 0x00, 0x65, 0x00, 0x74, 0x00, 0x74, 0x00, 0x65, 0x00, 0x6e,
  0x00, 0x63, 0x00, 0x6f, 0x00, 0x75, 0x00, 0x72, 0x00, 0x74, 0x00, 0x2c,
  0x00, 0x20, 0x00, 0x48, 0x00, 0x6f, 0x00, 0x2d, 0x00, 0x53, 0x00, 0x65,
  0x00, 0x6f, 0x00, 0x6b, 0x00, 0x20, 0x00, 0x45, 0x00, 0x65, 0x00, 0x2c,
  0x00, 0x20, 0x00, 0x65, 0x00, 0x74, 0x00, 0x20, 0x00, 0x61, 0x00, 0x6c,
  0x00, 0x2e, 0x00, 0x55, 0x00, 0x6e, 0x00, 0x69, 0x00, 0x66, 0x00, 0x6f,
  0x00, 0x6e, 0x00, 0x74, 0x00, 0x52, 0x00, 0x65, 0x00, 0x67, 0x00, 0x75,
  0x00, 0x6c, 0x00, 0x61, 0x00, 0x72, 0x00, 0x46, 0x00, 0x6f, 0x00, 0x6e,
  0x00, 0x74, 0x00, 0x46, 0x00, 0x6f, 0x00, 0x72, 0x00, 0x67, 0x00, 0x65,
  0x00, 0x20, 0x00, 0x32, 0x00, 0x2e, 0x00, 0x30, 0x00, 0x20, 0x00, 0x3a,
  0x00, 0x20, 0x00, 0x55, 0x00, 0x6e, 0x00, 0x69, 0x00, 0x66, 0x00, 0x6f,
  0x00, 0x6e, 0x00, 0x74, 0x00, 0x20, 0x00, 0x3a, 0x00, 0x20, 0x00, 0x31,
  0x00, 0x35, 0x00, 0x2d, 0x00, 0x37, 0x00, 0x2d, 0x00, 0x32, 0x00, 0x30,
  0x00, 0x32, 0x00, 0x35, 0x00, 0x56, 0x00, 0x65, 0x00, 0x72, 0x00, 0x73,
  0x00, 0x69, 0x00, 0x6f, 0x00, 0x6e, 0x00, 0x20, 0x00, 0x31, 0x00, 0x36,
  0x00, 0x2e, 0x00, 0x30, 0x00, 0x2e, 0x00, 0x30, 0x00, 0x34, 0x00, 0x55,
  0x00, 0x6e, 0x00, 0x69, 0x00, 0x66, 0x00, 0x6f, 0x00, 0x6e, 0x00, 0x74,
  0x00, 0x4d, 0x00, 0x65, 0x00, 0x64, 0x00, 0x69, 0x00, 0x75, 0x00, 0x6d,
  0x00, 0x03, 0x00, 0x00, 0x00, 0x00, 0x00, 0x00, 0xff, 0xb0, 0x00, 0x28,
  0x00, 0x00, 0x00, 0x00, 0x00, 0x00, 0x00, 0x00, 0x00, 0x00, 0x00, 0x00,
  0x00, 0x00, 0x00, 0x00, 0x00, 0x00, 0x00, 0x00, 0x00, 0x00, 0x00, 0x01,
  0xff, 0xff, 0x00, 0x02, 0x00, 0x01, 0x00, 0x00, 0x00, 0x0c, 0x00, 0x00,
  0x00, 0x00, 0x00, 0x00, 0x00, 0x02, 0x00, 0x01, 0x00, 0x01, 0x00, 0xcb,
  0x00, 0x01, 0x00, 0x00
};
static const unsigned int unifont_ttf_len = 17992;
